1_05-05-2016,DUBROVNIK,3,6.0,58.0,R.SOUSA,YLASCUEVAS,J.CALDERON,5,GRAN HIPODROMO DE ANDALUCIA JAVIER PIÑAR HAFNER,1500,ARENA,26
1_05-05-2016,THE LAST ONE,4,5.0,56.0,I.BORREGO,AGROCARVALHO,D.TEIXEIRA,1,GRAN HIPODROMO DE ANDALUCIA JAVIER PIÑAR HAFNER,1500,ARENA,18
1_05-05-2016,FARAMOND,5,4.0,56.0,J.GELABERT,NANINA,J.CALDERON,2,GRAN HIPODROMO DE ANDALUCIA JAVIER PIÑAR HAFNER,1500,ARENA,9
1_05-05-2016,MIND THE GAP,2,4.0,59.0,N.DE.JULIAN,ODISEA,A.CARRASCO,4,GRAN HIPODROMO DE ANDALUCIA JAVIER PIÑAR HAFNER,1500,ARENA,15
1_05-05-2016,CIRIACO,1,6.0,58.0,V.JANACEK,MARBELLA,G.ARIZKORRETA,6,GRAN HIPODROMO DE ANDALUCIA JAVIER PIÑAR HAFNER,1500,ARENA,17
1_05-09-2013,GAMBERRO (IRE),5,5.0,57.5,M.GOMES,ZEBRA,D.DIEZ,6,HIPODROMO LA ZARZUELA,1900,ARENA-FIBRA,25
1_05-09-2013,LUISIANNA,2,4.0,58.5,R.RAMOS,MADELAINE,J.HIDALGO,7,HIPODROMO LA ZARZUELA,1900,ARENA-FIBRA,7
1_05-09-2013,LUCCIOLE LOL (FR),3,4.0,57.5,M.BORREGO,CIELODEMADRID,O.RODRIGUEZ,3,HIPODROMO LA ZARZUELA,1900,ARENA-FIBRA,17
1_05-09-2013,LA NAVA,7,4.0,57.5,M.A.NARVAEZ,LAVICTORIA,J.A.RODRIGUEZ,2,HIPODROMO LA ZARZUELA,1900,ARENA-FIBRA,15
1_05-09-2013,CHACARITA,1,3.0,62.0,V.JANACEK,ALBERO,G.ARIZKORRETA,5,HIPODROMO LA ZARZUELA,1900,ARENA-FIBRA,11
1_05-09-2013,BALABINDU,6,3.0,59.0,J.CROCQUEVIEILLE,CDECIBELES,M.HERNANDEZ,1,HIPODROMO LA ZARZUELA,1900,ARENA-FIBRA,9
1_05-09-2013,NESKA (GB),4,5.0,61.5,J.E.JARCOVSKY,AREVACOS,A.CARRASCO,4,HIPODROMO LA ZARZUELA,1900,ARENA-FIBRA,14
1_10-09-2016,BALLAD OF MULAN (IRE),6,3.0,57.5,V.JANACEK,GREILET,A.SANCHEZ.C,1,HIPODROMO DE SAN SEBASTIAN,1500,HIERBA,6
1_10-09-2016,JACAPA,5,5.0,52.5,E.J.ARGUINZONES,YMILITAR,J.P.ESPINOSA,2,HIPODROMO DE SAN SEBASTIAN,1500,HIERBA,5
1_10-09-2016,THE LAST ONE,2,5.0,58.0,R.SOUSA,AGROCARVALHO,D.TEIXEIRA,6,HIPODROMO DE SAN SEBASTIAN,1500,HIERBA,18
1_10-09-2016,MAKAAMEN (GB),3,10.0,51.5,J.GELABERT,EACHWAY,A.SANCHEZ.C,4,HIPODROMO DE SAN SEBASTIAN,1500,HIERBA,37
1_10-09-2016,KANAK,4,3.0,58.5,J.L.MARTINEZ,ZALDUENDO,S.VIDAL,7,HIPODROMO DE SAN SEBASTIAN,1500,HIERBA,9
1_10-09-2016,CIUDADANO KANE,1,6.0,57.5,B.FAYOS,TURFLAGARE,J.LOPEZ,5,HIPODROMO DE SAN SEBASTIAN,1500,HIERBA,24
1_10-11-2013,INUNDATE (USA),4,4.0,61.0,SR.LABORDE.P,LABERINTO,J.C.CERQUEIRA,4,HIPODROMO LA ZARZUELA,1800,HIERBA,6
1_10-11-2013,KURDO (FR),1,5.0,67.0,SRTA.BURGUEÑO.V,YAGF,G.ARIZKORRETA,6,HIPODROMO LA ZARZUELA,1800,HIERBA,22
1_10-11-2013,GIGGOLO STAR,3,4.0,62.5,SRTA.ALONSO.B,MAGAÑA,J.C.FERNANDEZ,2,HIPODROMO LA ZARZUELA,1800,HIERBA,21
1_10-11-2013,BLUE SKY,7,5.0,61.0,SRTA.GALVEZ.G,LASAGUILAS,E.IVANOVA,1,HIPODROMO LA ZARZUELA,1800,HIERBA,7
1_10-11-2013,LATE TELEGRAPH (IRE),6,5.0,61.0,SRTA.RUIZ.DE.VILLA.M,MADELAINE,J.HIDALGO,3,HIPODROMO LA ZARZUELA,1800,HIERBA,8
1_10-11-2013,ILLIZMIT (FR),5,8.0,64.0,SR.RODRIGUES.J.C,OSCOISASDOCES,H.PEREIRA,7,HIPODROMO LA ZARZUELA,1800,HIERBA,20
1_10-11-2013,WHISTLEINTHEWIND (IRE),2,6.0,65.5,SRTA.RODRIGUEZ.G,NANINA,J.CALDERON,5,HIPODROMO LA ZARZUELA,1800,HIERBA,13
1_11-08-2016,MAD DOG (GER),3,4.0,58.5,J.GELABERT,PAGANINI,T.CALLEJO.S,1,HIPODROMO LA ZARZUELA,2300,ARENA-FIBRA,10
1_11-08-2016,PENDENCIERO (USA),4,9.0,58.5,N.DE.JULIAN,LASANGELES,A.NUÑEZ,5,HIPODROMO LA ZARZUELA,2300,ARENA-FIBRA,26
1_11-08-2016,SANPEDER (IRE),5,5.0,59.5,M.GOMES,PATRIZIAROSSANATESTA,M.TELLINI,2,HIPODROMO LA ZARZUELA,2300,ARENA-FIBRA,8
1_11-08-2016,MASCARADO (FR),1,4.0,59.5,V.JANACEK,JARILLA,F.PEREZ,4,HIPODROMO LA ZARZUELA,2300,ARENA-FIBRA,8
1_11-08-2016,GUERAL,2,7.0,59.5,J.L.MARTINEZ,SANANTONIO,J.L.MAROTO,3,HIPODROMO LA ZARZUELA,2300,ARENA-FIBRA,13
1_15-01-2012,ARATAN (IRE),3,5.0,65.0,SRTA.GONZALEZ.R,ODISEA,I.GOMEZ,2,GRAN HIPODROMO DE ANDALUCIA JAVIER PIÑAR HAFNER,1800,HIERBA,12
1_15-01-2012,LITERARIO,4,4.0,60.0,SR.GUTIERREZ.A,LOSESPARTANOS,B.J.RECIO,4,GRAN HIPODROMO DE ANDALUCIA JAVIER PIÑAR HAFNER,1800,HIERBA,11
1_15-01-2012,TURRIALBA,1,5.0,65.0,SR.DE.JULIAN.N,INSTAGONZA,O.ANAYA,3,GRAN HIPODROMO DE ANDALUCIA JAVIER PIÑAR HAFNER,1800,HIERBA,12
1_15-01-2012,DIXLESIO (IRE),2,4.0,65.0,SRTA.BUESA.C,RIASBAIXAS,R.LOPEZ,1,GRAN HIPODROMO DE ANDALUCIA JAVIER PIÑAR HAFNER,1800,HIERBA,21
1_20-01-2013,EL AFRICANO,1,6.0,55.0,J.HORCAJADA,LASAGUILAS,A.GUTIERREZ,6,GRAN HIPODROMO DE ANDALUCIA JAVIER PIÑAR HAFNER,1600,HIERBA,41
1_20-01-2013,RUBENS,2,8.0,57.0,F.JIMENEZ,YCORTIÑAL,J.C.FERNANDEZ,1,GRAN HIPODROMO DE ANDALUCIA JAVIER PIÑAR HAFNER,1600,HIERBA,14
1_20-01-2013,CAMURAY,5,8.0,55.0,E.MELIAN,YCORTIÑAL,J.A.RODRIGUEZ,3,GRAN HIPODROMO DE ANDALUCIA JAVIER PIÑAR HAFNER,1600,HIERBA,17
1_20-01-2013,MAKALALI (IRE),3,4.0,59.0,O.O.URBINA,MARTELSANCHEZ,O.ANAYA,2,GRAN HIPODROMO DE ANDALUCIA JAVIER PIÑAR HAFNER,1600,HIERBA,6
1_20-01-2013,SERGEI (IRE),4,5.0,59.0,J.CROCQUEVIEILLE,SUREÑA,J.A.RODRIGUEZ,5,GRAN HIPODROMO DE ANDALUCIA JAVIER PIÑAR HAFNER,1600,HIERBA,14
1_20-01-2013,TAGOMAGO,6,5.0,59.0,V.JANACEK,IBIZA,G.ARIZKORRETA,4,GRAN HIPODROMO DE ANDALUCIA JAVIER PIÑAR HAFNER,1600,HIERBA,12
1_21-07-2012,BANBU,2,4.0,63.0,SR.GREDILLA.P,ALBERO,J.C.FERNANDEZ,2,HIPODROMO COSTA DEL SOL,1800,ARENA,12
1_21-07-2012,DIXLESIO (IRE),3,4.0,63.0,SR.MARTIN.A.R,RIASBAIXAS,R.LOPEZ,4,HIPODROMO COSTA DEL SOL,1800,ARENA,21
1_21-07-2012,NOT SO BRIGHT (USA),4,4.0,63.0,SR.ENNIS.M,CASTILLODECHARETA,B.RAMA,5,HIPODROMO COSTA DEL SOL,1800,ARENA,8
1_21-07-2012,JORDAN WATER,1,5.0,63.0,SR.SARABIA.D,SAYAGO,G.ARIZKORRETA,3,HIPODROMO COSTA DEL SOL,1800,ARENA,5
1_21-07-2012,THE BELONGER (USA),5,5.0,63.0,SR.PEREGO.F,LISSELANFARMS,A.R.ACOSTA,1,HIPODROMO COSTA DEL SOL,1800,ARENA,7
1_22-08-2013,AZABACHE,2,4.0,58.5,O.O.URBINA,LOSTONELES,F.RODRIGUEZ,3,HIPODROMO LA ZARZUELA,1200,ARENA-FIBRA,20
1_22-08-2013,CAMURAY,3,8.0,58.5,J.L.MARTINEZ,GRBOLAÑOSGRCANARIA,E.LEON,6,HIPODROMO LA ZARZUELA,1200,ARENA-FIBRA,17
1_22-08-2013,CORCUBION,1,8.0,57.0,V.JANACEK,PEREIRASAT,T.CALLEJO.S,2,HIPODROMO LA ZARZUELA,1200,ARENA-FIBRA,22
1_22-08-2013,ALBUHERA,4,3.0,57.0,J.HORCAJADA,CACHARELA,J.A.RODRIGUEZ,4,HIPODROMO LA ZARZUELA,1200,ARENA-FIBRA,9
1_22-08-2013,BIANCA UNO,5,3.0,52.5,M.SECCI,COMETA,J.C.ROSELL,1,HIPODROMO LA ZARZUELA,1200,ARENA-FIBRA,7
1_22-08-2013,IDEM,6,3.0,57.0,J.CROCQUEVIEILLE,TALISMAN,J.A.RODRIGUEZ,5,HIPODROMO LA ZARZUELA,1200,ARENA-FIBRA,7
1_22-09-2013,ESQUILERO (GB),4,2.0,56.0,J.L.MARTINEZ,BERING,E.LEON,1,HIPODROMO LA ZARZUELA,1400,HIERBA,6
1_22-09-2013,MILIKI (GB),2,2.0,56.0,V.JANACEK,POPULAR,G.ARIZKORRETA,3,HIPODROMO LA ZARZUELA,1400,HIERBA,23
1_22-09-2013,ALFOZ (IRE),5,2.0,56.0,O.O.URBINA,BERING,J.LOPEZ,4,HIPODROMO LA ZARZUELA,1400,HIERBA,7
1_22-09-2013,ARKAITZ,1,2.0,56.0,R.C.MONTENEGRO,DIBENISICHI,F.RODRIGUEZ,5,HIPODROMO LA ZARZUELA,1400,HIERBA,9
1_22-09-2013,AKERON ONE (GB),3,2.0,56.0,J.B.HAMEL,SALVADORMARQUEZ,B.VALENTI,2,HIPODROMO LA ZARZUELA,1400,HIERBA,7
1_24-01-2016,MITRA,1,6.0,59.5,SR.MELGAREJO.I,MAGICA,M.AUGELLI,1,GRAN HIPODROMO DE ANDALUCIA JAVIER PIÑAR HAFNER,2100,HIERBA,15
1_24-01-2016,JAROCHO,4,4.0,62.0,SR.CARMENA.M,ALISARES,F.PEREZ,3,GRAN HIPODROMO DE ANDALUCIA JAVIER PIÑAR HAFNER,2100,HIERBA,19
1_24-01-2016,APOLO,2,4.0,60.0,SR.HERNANDEZ.J.I,OBERON,J.LOPEZ,2,GRAN HIPODROMO DE ANDALUCIA JAVIER PIÑAR HAFNER,2100,HIERBA,8
1_24-01-2016,GIGGOLO STAR,3,7.0,61.0,SRTA.VITALI.M,MAGICA,M.AUGELLI,4,GRAN HIPODROMO DE ANDALUCIA JAVIER PIÑAR HAFNER,2100,HIERBA,21
1_28-06-2012,EL AFRICANO,3,5.0,62.0,SRTA.GALVEZ.G,LASAGUILAS,P.R.URBINA,2,HIPODROMO LA ZARZUELA,1600,ARENA-FIBRA,41
1_28-06-2012,SMASHER (FR),2,7.0,60.5,SR.MARTIN.A.R,KAELA,R.MARTIN.V,3,HIPODROMO LA ZARZUELA,1600,ARENA-FIBRA,9
1_28-06-2012,PRISCA VIVAZ (IRE),4,4.0,60.5,SRTA.BURGUEÑO.V,POPULAR,G.ARIZKORRETA,5,HIPODROMO LA ZARZUELA,1600,ARENA-FIBRA,5
1_28-06-2012,DEL COSSA (FR),5,4.0,63.5,SR.SARABIA.D,RIOCUBASSL,J.C.FERNANDEZ,4,HIPODROMO LA ZARZUELA,1600,ARENA-FIBRA,16
1_28-06-2012,SHUMOOKH (IRE),1,9.0,63.5,SR.CARMENA.M,CDHLOSASPIRANTES2TUMBOS,T.CALLEJO.S,1,HIPODROMO LA ZARZUELA,1600,ARENA-FIBRA,11
1_29-09-2013,ALABARDA,8,3.0,55.0,F.JIMENEZ,ILPADRINO,J.LOPEZ,8,HIPODROMO LA ZARZUELA,2100,HIERBA,18
1_29-09-2013,AL TROPICAL,7,3.0,53.0,S.BERMEJO,SANMARCIAL,J.M.BORREGO.B,6,HIPODROMO LA ZARZUELA,2100,HIERBA,14
1_29-09-2013,LA BOPPERIA,5,3.0,55.0,J.CROCQUEVIEILLE,BOLAK,J.C.FERNANDEZ,5,HIPODROMO LA ZARZUELA,2100,HIERBA,8
1_29-09-2013,CHACARITA,4,3.0,56.0,V.JANACEK,ALBERO,G.ARIZKORRETA,7,HIPODROMO LA ZARZUELA,2100,HIERBA,11
1_29-09-2013,MINOLTO,3,3.0,57.0,O.O.URBINA,DIBENISICHI,J.LOPEZ,2,HIPODROMO LA ZARZUELA,2100,HIERBA,8
1_29-09-2013,SERGI SWING,2,3.0,62.0,J.L.MARTINEZ,BLOKE,M.AUGELLI,4,HIPODROMO LA ZARZUELA,2100,HIERBA,5
1_29-09-2013,CAPITAN DRAKE,6,3.0,50.0,V.SANCHEZ,MADELAINE,J.HIDALGO,9,HIPODROMO LA ZARZUELA,2100,HIERBA,11
1_29-09-2013,KIRILOVICH,1,3.0,57.0,M.GOMES,KAELA,R.MARTIN.V,3,HIPODROMO LA ZARZUELA,2100,HIERBA,26
1_3-09-2016,AIL NEUK,1,5.0,53.5,V.JANACEK,ELSABLE,E.PUENTE,3,HIPODROMO DE SAN SEBASTIAN,2200,HIERBA,8
1_3-09-2016,ULICY MAKER (FR),2,8.0,62.0,R.SOUSA,QUINTASANTAJUSTAMAIA,C.VIDINHA,5,HIPODROMO DE SAN SEBASTIAN,2200,HIERBA,6
1_3-09-2016,GAMBERRO (IRE),4,8.0,57.5,R.C.MONTENEGRO,ZEBRA,J.JIMENEZ,2,HIPODROMO DE SAN SEBASTIAN,2200,HIERBA,25
1_3-09-2016,SINNIEVA (FR),5,6.0,61.0,M.GOMES,OTORRON,R.AON,4,HIPODROMO DE SAN SEBASTIAN,2200,HIERBA,16
1_3-09-2016,JACETANA (FR),3,6.0,51.0,J.GELABERT,ESTRADOS,F.RODRIGUEZ,1,HIPODROMO DE SAN SEBASTIAN,2200,HIERBA,9
1_31-12-2011,MENELDOR (IRE),3,3.0,59.0,J.CROCQUEVIEILLE,GONZALOHERNANDOABOIN,A.CARRASCO,3,GRAN HIPODROMO DE ANDALUCIA JAVIER PIÑAR HAFNER,2100,HIERBA,13
1_31-12-2011,DIXLESIO (IRE),1,3.0,57.0,J.L.MARTINEZ,RIASBAIXAS,R.LOPEZ,2,GRAN HIPODROMO DE ANDALUCIA JAVIER PIÑAR HAFNER,2100,HIERBA,21
1_31-12-2011,TURRIALBA,2,4.0,58.0,I.LOPEZ,INSTAGONZA,O.ANAYA,5,GRAN HIPODROMO DE ANDALUCIA JAVIER PIÑAR HAFNER,2100,HIERBA,12
1_31-12-2011,COMANCHE TRAIL (FR),6,5.0,56.0,J.E.JARCOVSKY,SOÑADOR,J.SALGUERO,4,GRAN HIPODROMO DE ANDALUCIA JAVIER PIÑAR HAFNER,2100,HIERBA,6
1_31-12-2011,PERSICUS (GB),5,5.0,56.0,F.JIMENEZ,HISPANICA,J.C.FERNANDEZ,1,GRAN HIPODROMO DE ANDALUCIA JAVIER PIÑAR HAFNER,2100,HIERBA,12
1_31-12-2011,ESQUIO,4,4.0,56.0,A.GOMEZ,PEREIRASAT,J.C.LOPERA,6,GRAN HIPODROMO DE ANDALUCIA JAVIER PIÑAR HAFNER,2100,HIERBA,12
2_01-11-2015,NOVGOROD (GB),6,5.0,59.0,J.L.BORREGO,COMETA,J.C.ROSELL,1,HIPODROMO LA ZARZUELA,1800,HIERBA,10
2_01-11-2015,BELGE MENCI (GER),3,4.0,62.0,N.DE.JULIAN,MAGICA,M.AUGELLI,7,HIPODROMO LA ZARZUELA,1800,HIERBA,19
2_01-11-2015,SUEVA,2,4.0,62.0,V.JANACEK,TIZIANO,J.L.MAROTO,5,HIPODROMO LA ZARZUELA,1800,HIERBA,12
2_01-11-2015,HANIBAL,7,3.0,55.0,A.GOMEZ,CALVENTECHECA,J.J.CHAVARRIAS,8,HIPODROMO LA ZARZUELA,1800,HIERBA,6
2_01-11-2015,HUERTA GRANDE (FR),4,4.0,58.0,B.FAYOS,CASTILLODECHARETA,T.MARTINS,4,HIPODROMO LA ZARZUELA,1800,HIERBA,8
2_01-11-2015,CHARLITO,8,4.0,61.5,M.GOMES,CDECIBELES,M.HERNANDEZ,3,HIPODROMO LA ZARZUELA,1800,HIERBA,15
2_01-11-2015,CUENTISTA,1,6.0,59.0,J.L.MARTINEZ,ODISEA,A.CARRASCO,2,HIPODROMO LA ZARZUELA,1800,HIERBA,21
2_01-11-2015,DAVASA,5,3.0,62.0,I.BORREGO,BAEZA,D.DIEZ,6,HIPODROMO LA ZARZUELA,1800,HIERBA,5
2_05-09-2013,CHATARRILLA (FR),5,4.0,52.0,E.MELIAN,CELSOMENDEZ,A.CARRASCO,5,HIPODROMO LA ZARZUELA,1900,ARENA-FIBRA,12
2_05-09-2013,DIXLESIO (IRE),2,5.0,63.0,M.A.NARVAEZ,RIASBAIXAS,O.RODRIGUEZ,6,HIPODROMO LA ZARZUELA,1900,ARENA-FIBRA,21
2_05-09-2013,INDIAN DRUMS (USA),1,5.0,59.0,SRTA.BUESA.C,ZUL,G.ARIZKORRETA,1,HIPODROMO LA ZARZUELA,1900,ARENA-FIBRA,7
2_05-09-2013,SUPERBONI (FR),4,5.0,56.0,SR.LABORDE.P,CRUCEÑA,J.LOPEZ,4,HIPODROMO LA ZARZUELA,1900,ARENA-FIBRA,18
2_05-09-2013,SANTUZZO,6,3.0,53.5,J.M.SANCHEZ.C,CALVENTECHECA,J.A.RODRIGUEZ,3,HIPODROMO LA ZARZUELA,1900,ARENA-FIBRA,13
2_05-09-2013,MITRA,3,3.0,55.5,S.BERMEJO,REZAPAZOOKI,F.RODRIGUEZ,2,HIPODROMO LA ZARZUELA,1900,ARENA-FIBRA,15
2_05-09-2013,MARENGO,7,3.0,53.5,M.GOMES,YCORTIÑAL,J.A.RODRIGUEZ,7,HIPODROMO LA ZARZUELA,1900,ARENA-FIBRA,9
2_05-11-2015,THE LAST ONE,3,4.0,59.0,R.SOUSA,AGROCARVALHO,I.MENDES,2,GRAN HIPODROMO DE ANDALUCIA JAVIER PIÑAR HAFNER,1500,ARENA,18
2_05-11-2015,KUBOKI (FR),5,4.0,59.5,J.J.SALGUERO,HELIZABEL,J.SALGUERO,3,GRAN HIPODROMO DE ANDALUCIA JAVIER PIÑAR HAFNER,1500,ARENA,17
2_05-11-2015,DEAUVILLE AZUL (GB),4,5.0,60.5,V.JANACEK,ANTONIOCORTES,M.ALVAREZ,1,GRAN HIPODROMO DE ANDALUCIA JAVIER PIÑAR HAFNER,1500,ARENA,6
2_05-11-2015,CIUDADANO KANE,1,5.0,53.0,M.GOMES,TURFLAGARE,J.LOPEZ,5,GRAN HIPODROMO DE ANDALUCIA JAVIER PIÑAR HAFNER,1500,ARENA,24
2_05-11-2015,EL AFRICANO,2,8.0,62.0,N.DE.JULIAN,LASAGUILAS,E.IVANOVA,6,GRAN HIPODROMO DE ANDALUCIA JAVIER PIÑAR HAFNER,1500,ARENA,41
2_07-08-2014,ALTAMIR ONE (GB),6,6.0,63.0,J.CROCQUEVIEILLE,SALVADORMARQUEZ,B.VALENTI,2,HIPODROMO LA ZARZUELA,1800,ARENA-FIBRA,6
2_07-08-2014,GIGGOLO STAR,3,5.0,60.0,V.JANACEK,MAGAÑA,J.C.FERNANDEZ,6,HIPODROMO LA ZARZUELA,1800,ARENA-FIBRA,21
2_07-08-2014,VALENCIA,5,4.0,59.0,I.JANACKOVA,LUZERPALHA,J.C.FERNANDEZ,5,HIPODROMO LA ZARZUELA,1800,ARENA-FIBRA,11
2_07-08-2014,ALAMARES (FR),4,3.0,54.5,J.L.BORREGO,CIELODEMADRID,O.RODRIGUEZ,3,HIPODROMO LA ZARZUELA,1800,ARENA-FIBRA,6
2_07-08-2014,ARGOS,2,4.0,57.0,R.SOUSA,BARREIROS,J.C.ROSELL,4,HIPODROMO LA ZARZUELA,1800,ARENA-FIBRA,18
2_07-08-2014,REY DE LA PLATA,1,4.0,60.0,M.A.NARVAEZ,EPEREZGUZMAN,O.RODRIGUEZ,1,HIPODROMO LA ZARZUELA,1800,ARENA-FIBRA,13
2_12-01-2014,DAGOBERTO,3,4.0,57.0,B.FAYOS,NANINA,J.CALDERON,5,GRAN HIPODROMO DE ANDALUCIA JAVIER PIÑAR HAFNER,1600,HIERBA,23
2_12-01-2014,ROBERTTINO STAR,6,4.0,57.0,J.HORCAJADA,MAGAÑA,J.C.FERNANDEZ,8,GRAN HIPODROMO DE ANDALUCIA JAVIER PIÑAR HAFNER,1600,HIERBA,13
2_12-01-2014,ROCK MUSIC,7,4.0,57.0,M.A.NARVAEZ,YCORTIÑAL,J.A.RODRIGUEZ,1,GRAN HIPODROMO DE ANDALUCIA JAVIER PIÑAR HAFNER,1600,HIERBA,12
2_12-01-2014,WAD VISON,4,4.0,59.0,SR.DE.JULIAN.N,RCA,J.A.RODRIGUEZ,6,GRAN HIPODROMO DE ANDALUCIA JAVIER PIÑAR HAFNER,1600,HIERBA,20
2_12-01-2014,DON FERNANDO HAB,1,6.0,58.0,O.O.URBINA,VADILLO,A.CARRASCO,4,GRAN HIPODROMO DE ANDALUCIA JAVIER PIÑAR HAFNER,1600,HIERBA,16
2_12-01-2014,RUBENS,8,9.0,58.0,J.GELABERT,YCORTIÑAL,J.A.RODRIGUEZ,2,GRAN HIPODROMO DE ANDALUCIA JAVIER PIÑAR HAFNER,1600,HIERBA,14
2_12-01-2014,CRACK,2,5.0,59.0,R.SOUSA,PINEDA,J.CALDERON,3,GRAN HIPODROMO DE ANDALUCIA JAVIER PIÑAR HAFNER,1600,HIERBA,11
2_12-01-2014,ALABAMA,5,6.0,57.5,V.JANACEK,MARISOL,J.C.FERNANDEZ,7,GRAN HIPODROMO DE ANDALUCIA JAVIER PIÑAR HAFNER,1600,HIERBA,14
2_13-04-2014,NAVARRA,3,4.0,56.0,V.JANACEK,POPULAR,G.ARIZKORRETA,7,HIPODROMO LA ZARZUELA,2100,HIERBA,6
2_13-04-2014,TAFADHALI,5,6.0,58.0,F.JIMENEZ,LAJORQUIN,J.MARTINEZ,2,HIPODROMO LA ZARZUELA,2100,HIERBA,36
2_13-04-2014,CANTARELLA (IRE),9,4.0,56.0,A.GOMEZ,ODISEA,I.GOMEZ,10,HIPODROMO LA ZARZUELA,2100,HIERBA,12
2_13-04-2014,LIKELIKELIKELIKEIT (GB),4,4.0,56.0,SR.DE.JULIAN.N,ALTAMIRA,J.A.RODRIGUEZ,4,HIPODROMO LA ZARZUELA,2100,HIERBA,5
2_13-04-2014,BOHEMIAN RHAPSODY,1,4.0,58.0,J.L.BORREGO,CIELODEMADRID,O.RODRIGUEZ,9,HIPODROMO LA ZARZUELA,2100,HIERBA,9
2_13-04-2014,BABY COOKIE,8,4.0,57.0,O.O.URBINA,REZAPAZOOKI,F.RODRIGUEZ,3,HIPODROMO LA ZARZUELA,2100,HIERBA,6
2_13-04-2014,INFINITY ONE,7,5.0,60.0,J.CROCQUEVIEILLE,SALVADORMARQUEZ,B.VALENTI,1,HIPODROMO LA ZARZUELA,2100,HIERBA,7
2_13-04-2014,BELAGUA (IRE),6,5.0,56.0,B.FAYOS,POPULAR,G.ARIZKORRETA,5,HIPODROMO LA ZARZUELA,2100,HIERBA,7
2_13-04-2014,GRIEVOUS ANGEL (IRE),2,4.0,57.0,J.L.MARTINEZ,BPSANMATEO,O.ANAYA,8,HIPODROMO LA ZARZUELA,2100,HIERBA,7
2_15-08-2015,DUBROVNIK,8,5.0,59.0,J.L.MARTINEZ,YLASCUEVAS,J.CALDERON,11,HIPODROMO DE SAN SEBASTIAN,1500,HIERBA,26
2_15-08-2015,DIM DAM,9,4.0,54.0,A.GOMEZ,CASTIZA,J.LOPEZ,6,HIPODROMO DE SAN SEBASTIAN,1500,HIERBA,9
2_15-08-2015,VALE DI ROSA (GB),13,4.0,54.0,S.SAADI,DIROSA,H.PEREIRA,10,HIPODROMO DE SAN SEBASTIAN,1500,HIERBA,10
2_15-08-2015,RIVENDEL (IRE),7,4.0,56.0,A.J.GRATEROL,OMBRA,M.COMAS,13,HIPODROMO DE SAN SEBASTIAN,1500,HIERBA,9
2_15-08-2015,PANACEA (GB),1,8.0,55.0,V.JANACEK,ELSABLE,E.PUENTE,3,HIPODROMO DE SAN SEBASTIAN,1500,HIERBA,13
2_15-08-2015,MAYO,2,5.0,57.0,I.BORREGO,GRAFIMAR,M.A.MARIN,9,HIPODROMO DE SAN SEBASTIAN,1500,HIERBA,20
2_15-08-2015,PANISIDE,3,6.0,58.0,G.MADERO,INDIA,F.RODRIGUEZ,2,HIPODROMO DE SAN SEBASTIAN,1500,HIERBA,28
2_15-08-2015,JELGABA,5,4.0,56.0,N.DE.JULIAN,YMILITAR,J.P.ESPINOSA,7,HIPODROMO DE SAN SEBASTIAN,1500,HIERBA,9
2_15-08-2015,AZABACHE,12,6.0,62.0,B.FAYOS,SANCHEZ,O.ANAYA,8,HIPODROMO DE SAN SEBASTIAN,1500,HIERBA,20
2_15-08-2015,JUAN DANIEL,4,6.0,56.0,M.GOMES,JEREZANA,J.CALDERON,1,HIPODROMO DE SAN SEBASTIAN,1500,HIERBA,26
2_15-08-2015,WINKL SIDE,10,5.0,57.0,R.SOUSA,HISPANICA,C.FERNANDEZ,12,HIPODROMO DE SAN SEBASTIAN,1500,HIERBA,20
2_15-08-2015,LAUGHING DOVE (IRE),6,4.0,55.0,E.J.ARGUINZONES,ESPECTACULO,T.MARTINS,5,HIPODROMO DE SAN SEBASTIAN,1500,HIERBA,9
2_15-08-2015,CAPEARTH (IRE),11,5.0,59.0,C.A.LOAIZA,ELSABLE,E.PUENTE,4,HIPODROMO DE SAN SEBASTIAN,1500,HIERBA,15
2_16-02-2014,MY BOND (USA),4,4.0,62.0,M.GOMES,LISSELANFARMS,K.NIKANEN,7,GRAN HIPODROMO DE ANDALUCIA JAVIER PIÑAR HAFNER,1500,HIERBA,5
2_16-02-2014,CANELA FINA,1,5.0,62.0,O.O.URBINA,SOÑADOR,J.SALGUERO,1,GRAN HIPODROMO DE ANDALUCIA JAVIER PIÑAR HAFNER,1500,HIERBA,17
2_16-02-2014,EL LOLO (IRE),8,8.0,59.0,D.BENITEZ,ELLOBO,O.ANAYA,6,GRAN HIPODROMO DE ANDALUCIA JAVIER PIÑAR HAFNER,1500,HIERBA,18
2_16-02-2014,PANISIDE,5,5.0,62.0,V.JANACEK,INDIA,F.RODRIGUEZ,4,GRAN HIPODROMO DE ANDALUCIA JAVIER PIÑAR HAFNER,1500,HIERBA,28
2_16-02-2014,USAQUEN (FR),7,6.0,62.0,SR.MELGAREJO.I,NEO,M.ALVAREZ,8,GRAN HIPODROMO DE ANDALUCIA JAVIER PIÑAR HAFNER,1500,HIERBA,11
2_16-02-2014,CARAMELO (GB),6,4.0,61.0,B.FAYOS,AREVACOS,A.CARRASCO,3,GRAN HIPODROMO DE ANDALUCIA JAVIER PIÑAR HAFNER,1500,HIERBA,10
2_16-02-2014,DESEADO,3,5.0,61.0,J.CROCQUEVIEILLE,SUREÑA,J.A.RODRIGUEZ,5,GRAN HIPODROMO DE ANDALUCIA JAVIER PIÑAR HAFNER,1500,HIERBA,30
2_16-02-2014,GREEN NIGHT (IRE),2,6.0,61.0,M.SECCI,LASAGUILAS,E.IVANOVA,2,GRAN HIPODROMO DE ANDALUCIA JAVIER PIÑAR HAFNER,1500,HIERBA,30
2_18-05-2012,ASHDEUZO (FR),8,6.0,60.0,SR.CAMPO.E,YBALBASALONSO,E.PUENTE,6,HIPODROMO LA ZARZUELA,1900,ARENA-FIBRA,11
2_18-05-2012,TRESENPUNTO,6,4.0,59.0,SRTA.GONZALEZ.R,DONALFA,M.J.PEREZ,4,HIPODROMO LA ZARZUELA,1900,ARENA-FIBRA,9
2_18-05-2012,LEY DE LEYES (FR),9,4.0,57.5,SRTA.MORENO.O,ELSABLE,E.PUENTE,5,HIPODROMO LA ZARZUELA,1900,ARENA-FIBRA,15
2_18-05-2012,INDIAN BLUE (IRE),3,8.0,61.0,SR.DE.JULIAN.N,YMARQUES,E.PUENTE,1,HIPODROMO LA ZARZUELA,1900,ARENA-FIBRA,9
2_18-05-2012,TASHA LINDA (IRE),1,5.0,57.5,SRTA.ZAPICO.S,PAGANINI,T.CALLEJO.S,2,HIPODROMO LA ZARZUELA,1900,ARENA-FIBRA,6
2_18-05-2012,AZAMOR,7,4.0,64.5,SR.PINEDA.G,ELHERROJO,G.ARIZKORRETA,3,HIPODROMO LA ZARZUELA,1900,ARENA-FIBRA,8
2_18-05-2012,SARAHZEM,5,4.0,58.5,SRTA.ALONSO.B,CIELODEMADRID,O.RODRIGUEZ,7,HIPODROMO LA ZARZUELA,1900,ARENA-FIBRA,15
2_18-05-2012,CHIRIVITO (FR),2,4.0,61.0,SRTA.CASADO.M,UNIVERSALMERCHAN,J.LOPEZ,8,HIPODROMO LA ZARZUELA,1900,ARENA-FIBRA,9
2_18-05-2012,ARGALY,4,6.0,60.0,SR.SARABIA.D,RIOCUBASSL,J.C.FERNANDEZ,9,HIPODROMO LA ZARZUELA,1900,ARENA-FIBRA,42
2_18-09-2016,FALKIRK (IRE),3,5.0,57.0,A.GOMEZ,LASANGELES,A.NUÑEZ,7,HIPODROMO LA ZARZUELA,1600,HIERBA,11
2_18-09-2016,TIO LUIS (IRE),6,6.0,58.5,B.FAYOS,SANJULIO,J.L.MAROTO,4,HIPODROMO LA ZARZUELA,1600,HIERBA,12
2_18-09-2016,BUSCAVIDAS (IRE),5,5.0,58.5,I.BORREGO,ODISEA,A.CARRASCO,3,HIPODROMO LA ZARZUELA,1600,HIERBA,13
2_18-09-2016,MYTHICAL CLOVER (IRE),7,4.0,57.0,R.SOUSA,ALISARES,F.PEREZ,9,HIPODROMO LA ZARZUELA,1600,HIERBA,14
2_18-09-2016,DAGOBERTO,1,6.0,57.0,J.GELABERT,NANINA,J.CALDERON,1,HIPODROMO LA ZARZUELA,1600,HIERBA,23
2_18-09-2016,DELFMAR,8,4.0,57.0,J.GROSJEAN,COLISA,J.A.RODRIGUEZ,6,HIPODROMO LA ZARZUELA,1600,HIERBA,8
2_18-09-2016,WAD VISON,9,6.0,60.0,N.GARCIA,PALOMARES,J.A.RODRIGUEZ,8,HIPODROMO LA ZARZUELA,1600,HIERBA,20
2_18-09-2016,MIND THE GAP,2,4.0,57.0,J.L.BORREGO,ODISEA,A.CARRASCO,5,HIPODROMO LA ZARZUELA,1600,HIERBA,15
2_18-09-2016,ORFEON (GB),4,4.0,58.5,V.JANACEK,YAGF,G.ARIZKORRETA,2,HIPODROMO LA ZARZUELA,1600,HIERBA,11
2_18-12-2016,MAKAAMEN (GB),8,10.0,51.0,J.GELABERT,EACHWAY,A.SANCHEZ.C,7,GRAN HIPODROMO DE ANDALUCIA JAVIER PIÑAR HAFNER,1600,HIERBA,37
2_18-12-2016,GOLDING BOY (FR),4,6.0,55.5,A.GOMEZ,HELPINGHANDREALESTATE,G.RODRIGUEZ,1,GRAN HIPODROMO DE ANDALUCIA JAVIER PIÑAR HAFNER,1600,HIERBA,10
2_18-12-2016,IRAIZOTZ,7,9.0,58.5,R.SOUSA,FERNANDOFERREIRA,C.VIDINHA,2,GRAN HIPODROMO DE ANDALUCIA JAVIER PIÑAR HAFNER,1600,HIERBA,15
2_18-12-2016,WRAMS PANDORA (SWE),5,6.0,61.5,J.E.JARCOVSKY,IVANLOPEZRACING,I.LOPEZ,9,GRAN HIPODROMO DE ANDALUCIA JAVIER PIÑAR HAFNER,1600,HIERBA,6
2_18-12-2016,SCHEME OF THE MOON (FR),1,4.0,60.0,M.GOMES,QUINTASANTAJUSTAMAIA,C.VIDINHA,3,GRAN HIPODROMO DE ANDALUCIA JAVIER PIÑAR HAFNER,1600,HIERBA,13
2_18-12-2016,GODOFREDO (FR),3,3.0,61.0,C.A.LOAIZA,NANINA,J.CALDERON,5,GRAN HIPODROMO DE ANDALUCIA JAVIER PIÑAR HAFNER,1600,HIERBA,7
2_18-12-2016,BALLAD OF MULAN (IRE),6,3.0,54.0,SRTA.GELABERT.L,GREILET,A.SANCHEZ.C,6,GRAN HIPODROMO DE ANDALUCIA JAVIER PIÑAR HAFNER,1600,HIERBA,6
2_18-12-2016,PILIN,2,3.0,62.0,B.FAYOS,BUELNAEQUII,R.HUAYAS,4,GRAN HIPODROMO DE ANDALUCIA JAVIER PIÑAR HAFNER,1600,HIERBA,7
2_19-10-2014,COSIDE (USA),2,6.0,58.5,R.SOUSA,CANTER,E.LEON,2,HIPODROMO LA ZARZUELA,2200,HIERBA,21
2_19-10-2014,INUNDATE (USA),3,5.0,58.5,R.RAMOS,LABERINTO,J.C.CERQUEIRA,4,HIPODROMO LA ZARZUELA,2200,HIERBA,6
2_19-10-2014,SUSPIRON (IRE),1,5.0,58.5,V.JANACEK,POPULAR,G.ARIZKORRETA,3,HIPODROMO LA ZARZUELA,2200,HIERBA,9
2_19-10-2014,PATRICIO (GB),4,7.0,58.5,E.ARGUINZONES,PEÑARROYA,C.GALLIPOLI,1,HIPODROMO LA ZARZUELA,2200,HIERBA,14
2_20-01-2013,INDIAN LOU,2,6.0,59.0,J.L.BORREGO,BARREIROS,J.C.ROSELL,8,GRAN HIPODROMO DE ANDALUCIA JAVIER PIÑAR HAFNER,2100,HIERBA,16
2_20-01-2013,ECO JAR,3,6.0,53.0,M.GOMES,REZAPAZOOKI,F.RODRIGUEZ,9,GRAN HIPODROMO DE ANDALUCIA JAVIER PIÑAR HAFNER,2100,HIERBA,21
2_20-01-2013,COSIDE (USA),8,5.0,62.0,A.GOMEZ,CANTER,E.LEON,7,GRAN HIPODROMO DE ANDALUCIA JAVIER PIÑAR HAFNER,2100,HIERBA,21
2_20-01-2013,INDIAN DRUMS (USA),5,5.0,61.0,V.JANACEK,POPULAR,G.ARIZKORRETA,4,GRAN HIPODROMO DE ANDALUCIA JAVIER PIÑAR HAFNER,2100,HIERBA,7
2_20-01-2013,DELLA BEND (FR),4,5.0,54.0,E.MELIAN,JIMENA,B.RAMA,3,GRAN HIPODROMO DE ANDALUCIA JAVIER PIÑAR HAFNER,2100,HIERBA,16
2_20-01-2013,LODOSA,7,5.0,55.0,J.HORCAJADA,CIELODEMADRID,O.RODRIGUEZ,1,GRAN HIPODROMO DE ANDALUCIA JAVIER PIÑAR HAFNER,2100,HIERBA,15
2_20-01-2013,FOL MOON,9,4.0,56.0,M.SECCI,YANKEERACING,J.C.LOPERA,5,GRAN HIPODROMO DE ANDALUCIA JAVIER PIÑAR HAFNER,2100,HIERBA,7
2_20-01-2013,PENDENCIERO (USA),1,6.0,55.0,J.CROCQUEVIEILLE,LAPAZ,J.A.RODRIGUEZ,6,GRAN HIPODROMO DE ANDALUCIA JAVIER PIÑAR HAFNER,2100,HIERBA,26
2_20-01-2013,BLACKBERRY BOY (IRE),6,9.0,57.0,F.JIMENEZ,SUNSHINERACING,P.HALEY,2,GRAN HIPODROMO DE ANDALUCIA JAVIER PIÑAR HAFNER,2100,HIERBA,14
2_22-01-2012,CANELA FINA,4,3.0,54.5,E.MELIAN,SOÑADOR,J.SALGUERO,8,GRAN HIPODROMO DE ANDALUCIA JAVIER PIÑAR HAFNER,1000,HIERBA,17
2_22-01-2012,CALITXO,9,3.0,56.0,J.L.BORREGO,MKRACING,B.RAMA,5,GRAN HIPODROMO DE ANDALUCIA JAVIER PIÑAR HAFNER,1000,HIERBA,16
2_22-01-2012,HENARES,7,3.0,57.0,D.DELGADO,ACASIÑA,J.A.RODRIGUEZ,4,GRAN HIPODROMO DE ANDALUCIA JAVIER PIÑAR HAFNER,1000,HIERBA,10
2_22-01-2012,EXTRAÑEZA,5,3.0,55.5,R.H.HUAYAS,STUDRIOQUEQUEN,M.J.PEREZ,6,GRAN HIPODROMO DE ANDALUCIA JAVIER PIÑAR HAFNER,1000,HIERBA,9
2_22-01-2012,SCARLATTI,6,3.0,54.5,V.JANACEK,YCORTIÑAL,J.M.BORREGO.R,9,GRAN HIPODROMO DE ANDALUCIA JAVIER PIÑAR HAFNER,1000,HIERBA,9
2_22-01-2012,DESEADO,2,3.0,58.0,J.CROCQUEVIEILLE,SUREÑA,J.A.RODRIGUEZ,2,GRAN HIPODROMO DE ANDALUCIA JAVIER PIÑAR HAFNER,1000,HIERBA,30
2_22-01-2012,AZABACHE,1,3.0,58.0,J.GROSJEAN,LOSTONELES,F.RODRIGUEZ,1,GRAN HIPODROMO DE ANDALUCIA JAVIER PIÑAR HAFNER,1000,HIERBA,20
2_22-01-2012,VICTOR'S BET,3,3.0,58.0,O.O.URBINA,BETVICTOR,P.HALEY,3,GRAN HIPODROMO DE ANDALUCIA JAVIER PIÑAR HAFNER,1000,HIERBA,12
2_22-01-2012,AZAFATA,8,3.0,54.5,M.GOMES,PILOTOS747,J.LOPEZ,7,GRAN HIPODROMO DE ANDALUCIA JAVIER PIÑAR HAFNER,1000,HIERBA,12
2_25-10-2015,CIRIACO,2,5.0,64.0,I.BORREGO,MARBELLA,G.ARIZKORRETA,7,HIPODROMO LA ZARZUELA,1800,HIERBA,17
2_25-10-2015,ARGALY,3,9.0,53.5,M.SECCI,AREQUIPA,R.HUAYAS,6,HIPODROMO LA ZARZUELA,1800,HIERBA,42
2_25-10-2015,MILIKI (GB),1,4.0,60.0,C.A.LOAIZA,BRAVOTANGOZULU,V.B.BUDA,8,HIPODROMO LA ZARZUELA,1800,HIERBA,23
2_25-10-2015,TAPON DE ORO,5,4.0,60.0,G.MADERO,ZURRAQUIN,M.HERNANDEZ,9,HIPODROMO LA ZARZUELA,1800,HIERBA,12
2_25-10-2015,BARONESA VOLADORA,6,4.0,54.5,A.GOMEZ,ODISEA,A.CARRASCO,2,HIPODROMO LA ZARZUELA,1800,HIERBA,18
2_25-10-2015,ROCK MUSIC,7,5.0,52.0,N.GARCIA,YCORTIÑAL,J.A.RODRIGUEZ,1,HIPODROMO LA ZARZUELA,1800,HIERBA,12
2_25-10-2015,DIVISA AZUL,8,4.0,58.0,A.J.GRATEROL,ARTEMIS,J.LOPEZ,3,HIPODROMO LA ZARZUELA,1800,HIERBA,12
2_25-10-2015,HAPPY FEW (GB),4,7.0,54.5,N.DE.JULIAN,AREQUIPA,R.HUAYAS,4,HIPODROMO LA ZARZUELA,1800,HIERBA,17
2_25-10-2015,GIGGOLO STAR,9,6.0,53.0,L.ECHRRAA,ELTACO,M.AUGELLI,5,HIPODROMO LA ZARZUELA,1800,HIERBA,21
2_26-07-2012,SUPERBONI (FR),5,4.0,58.0,J.HORCAJADA,PILOTOS747,J.LOPEZ,8,HIPODROMO LA ZARZUELA,1600,ARENA-FIBRA,18
2_26-07-2012,ALTEZA (IRE),8,4.0,58.0,J.M.SANCHEZ.C,QUINTADATORRENTE,S.P.OLIVEIRA,2,HIPODROMO LA ZARZUELA,1600,ARENA-FIBRA,8
2_26-07-2012,MORNING MUSE (IRE),6,3.0,58.5,M.GOMES,NORTENHA,T.MARTINS,9,HIPODROMO LA ZARZUELA,1600,ARENA-FIBRA,8
2_26-07-2012,HONG KONG BOY (FR),1,6.0,58.0,H.PEREIRA,MAIAALFE,S.P.OLIVEIRA,6,HIPODROMO LA ZARZUELA,1600,ARENA-FIBRA,7
2_26-07-2012,ARKADIN (IRE),2,3.0,60.5,A.GOMEZ,IGUELDO,J.C.ROSELL,4,HIPODROMO LA ZARZUELA,1600,ARENA-FIBRA,12
2_26-07-2012,SUPER NENA (IRE),4,4.0,59.0,J.GROSJEAN,AREVACOS,J.A.RODRIGUEZ,1,HIPODROMO LA ZARZUELA,1600,ARENA-FIBRA,7
2_26-07-2012,GREEN NIGHT (IRE),3,4.0,62.0,J.E.JARCOVSKY,LASAGUILAS,P.R.URBINA,7,HIPODROMO LA ZARZUELA,1600,ARENA-FIBRA,30
2_26-07-2012,GALAXY,7,3.0,61.5,E.MELIAN,SUREÑA,J.A.RODRIGUEZ,5,HIPODROMO LA ZARZUELA,1600,ARENA-FIBRA,7
2_26-11-2015,EL AFRICANO,1,8.0,61.0,N.DE.JULIAN,LASAGUILAS,E.IVANOVA,9,GRAN HIPODROMO DE ANDALUCIA JAVIER PIÑAR HAFNER,1500,ARENA,41
2_26-11-2015,HUERTA GRANDE (FR),4,4.0,58.0,F.ALVARADO,CASTILLODECHARETA,T.MARTINS,8,GRAN HIPODROMO DE ANDALUCIA JAVIER PIÑAR HAFNER,1500,ARENA,8
2_26-11-2015,KUBOKI (FR),9,4.0,56.0,A.G.DELGADO,HELIZABEL,J.SALGUERO,4,GRAN HIPODROMO DE ANDALUCIA JAVIER PIÑAR HAFNER,1500,ARENA,17
2_26-11-2015,DALAN REY (IRE),6,4.0,58.5,E.J.ARGUINZONES,LUCHANA,I.LOPEZ,7,GRAN HIPODROMO DE ANDALUCIA JAVIER PIÑAR HAFNER,1500,ARENA,15
2_26-11-2015,THE LAST ONE,2,4.0,57.5,R.SOUSA,AGROCARVALHO,I.MENDES,3,GRAN HIPODROMO DE ANDALUCIA JAVIER PIÑAR HAFNER,1500,ARENA,18
2_26-11-2015,ASTURIA (GER),7,3.0,59.5,A.GOMEZ,NEO,M.ALVAREZ,2,GRAN HIPODROMO DE ANDALUCIA JAVIER PIÑAR HAFNER,1500,ARENA,11
2_26-11-2015,ALABARDA,5,5.0,62.0,V.JANACEK,ILPADRINO,J.LOPEZ,6,GRAN HIPODROMO DE ANDALUCIA JAVIER PIÑAR HAFNER,1500,ARENA,18
2_26-11-2015,CIUDADANO KANE,3,5.0,54.5,M.GOMES,TURFLAGARE,J.LOPEZ,5,GRAN HIPODROMO DE ANDALUCIA JAVIER PIÑAR HAFNER,1500,ARENA,24
2_26-11-2015,CARAMELO (GB),8,5.0,61.0,J.J.SALGUERO,VIENTOSDELSUR,J.SALGUERO,1,GRAN HIPODROMO DE ANDALUCIA JAVIER PIÑAR HAFNER,1500,ARENA,10
2_27-01-2013,ARIZA,3,6.0,55.5,V.JANACEK,LUZERPALHA,T.MARTINS,3,GRAN HIPODROMO DE ANDALUCIA JAVIER PIÑAR HAFNER,1400,HIERBA,9
2_27-01-2013,VICTOR'S BET,1,4.0,60.0,O.O.URBINA,BETVICTOR,P.HALEY,8,GRAN HIPODROMO DE ANDALUCIA JAVIER PIÑAR HAFNER,1400,HIERBA,12
2_27-01-2013,GALILEUS,6,4.0,58.0,SR.SARABIA.D,RIOCUBASSL,D.SARABIA,6,GRAN HIPODROMO DE ANDALUCIA JAVIER PIÑAR HAFNER,1400,HIERBA,9
2_27-01-2013,FEARSIDE,5,4.0,54.5,M.GOMES,SAFSAF,F.RODRIGUEZ,7,GRAN HIPODROMO DE ANDALUCIA JAVIER PIÑAR HAFNER,1400,HIERBA,9
2_27-01-2013,CAMURAY,8,8.0,56.0,F.JIMENEZ,YCORTIÑAL,J.A.RODRIGUEZ,1,GRAN HIPODROMO DE ANDALUCIA JAVIER PIÑAR HAFNER,1400,HIERBA,17
2_27-01-2013,DESEADO,7,4.0,58.0,E.MELIAN,SUREÑA,J.A.RODRIGUEZ,2,GRAN HIPODROMO DE ANDALUCIA JAVIER PIÑAR HAFNER,1400,HIERBA,30
2_27-01-2013,PANISIDE,4,4.0,58.0,S.BERMEJO,DIBENISICHI,F.RODRIGUEZ,4,GRAN HIPODROMO DE ANDALUCIA JAVIER PIÑAR HAFNER,1400,HIERBA,28
2_27-01-2013,CORCUBION,2,8.0,60.0,A.GOMEZ,PEREIRASAT,J.C.LOPERA,5,GRAN HIPODROMO DE ANDALUCIA JAVIER PIÑAR HAFNER,1400,HIERBA,22
2_29-08-2016,JACAPA,6,5.0,57.5,N.DE.JULIAN,YMILITAR,J.P.ESPINOSA,2,HIPODROMO DE SAN SEBASTIAN,1600,HIERBA,5
2_29-08-2016,JANSEL,7,5.0,56.5,F.MARTINEZ,YMILITAR,A.SUÑEN,6,HIPODROMO DE SAN SEBASTIAN,1600,HIERBA,5
2_29-08-2016,THE LAST ONE,2,5.0,62.0,R.SOUSA,AGROCARVALHO,D.TEIXEIRA,4,HIPODROMO DE SAN SEBASTIAN,1600,HIERBA,18
2_29-08-2016,KANAK,1,3.0,59.0,J.L.MARTINEZ,ZALDUENDO,S.VIDAL,3,HIPODROMO DE SAN SEBASTIAN,1600,HIERBA,9
2_29-08-2016,BALLAD OF MULAN (IRE),4,3.0,61.0,A.GOMEZ,GREILET,A.SANCHEZ.C,5,HIPODROMO DE SAN SEBASTIAN,1600,HIERBA,6
2_29-08-2016,AIL NEUK,5,5.0,56.0,V.JANACEK,ELSABLE,E.PUENTE,1,HIPODROMO DE SAN SEBASTIAN,1600,HIERBA,8
2_29-08-2016,MAKAAMEN (GB),3,10.0,55.5,J.GELABERT,EACHWAY,A.SANCHEZ.C,7,HIPODROMO DE SAN SEBASTIAN,1600,HIERBA,37
3_02-12-2012,BELEFORONTE (IRE),7,3.0,58.0,A.GOMEZ,INSTAGONZA,F.PEREZ,5,GRAN HIPODROMO DE ANDALUCIA JAVIER PIÑAR HAFNER,2100,HIERBA,5
3_02-12-2012,OJO DE HALCON (IRE),8,4.0,50.0,A.GUTIERREZ.B,LASAGUILAS,A.GUTIERREZ,3,GRAN HIPODROMO DE ANDALUCIA JAVIER PIÑAR HAFNER,2100,HIERBA,10
3_02-12-2012,ORLOV,3,6.0,62.0,F.JIMENEZ,AGRADO,T.CALLEJO,12,GRAN HIPODROMO DE ANDALUCIA JAVIER PIÑAR HAFNER,2100,HIERBA,10
3_02-12-2012,COQUETA,2,4.0,60.0,R.H.HUAYAS,COLISA,J.A.RODRIGUEZ,4,GRAN HIPODROMO DE ANDALUCIA JAVIER PIÑAR HAFNER,2100,HIERBA,13
3_02-12-2012,EAGRET (POR),5,3.0,56.0,J.E.JARCOVSKY,MIDWESTLDA,J.CALDERON,6,GRAN HIPODROMO DE ANDALUCIA JAVIER PIÑAR HAFNER,2100,HIERBA,5
3_02-12-2012,PATRICIO (GB),11,5.0,62.0,M.GOMES,PEÑARROYA,C.GALLIPOLI,1,GRAN HIPODROMO DE ANDALUCIA JAVIER PIÑAR HAFNER,2100,HIERBA,14
3_02-12-2012,YUCATAN,6,3.0,60.0,R.RAMOS,AGRANXA,J.M.BORREGO.R,2,GRAN HIPODROMO DE ANDALUCIA JAVIER PIÑAR HAFNER,2100,HIERBA,11
3_02-12-2012,LEADER LADY,10,5.0,50.0,M.SECCI,LASAGUILAS,A.GUTIERREZ,8,GRAN HIPODROMO DE ANDALUCIA JAVIER PIÑAR HAFNER,2100,HIERBA,11
3_02-12-2012,STRANGE CAT (FR),4,4.0,59.0,J.GROSJEAN,ALISARES,A.SANCHEZ.C,10,GRAN HIPODROMO DE ANDALUCIA JAVIER PIÑAR HAFNER,2100,HIERBA,6
3_02-12-2012,BLADE RUNNER,9,3.0,54.0,J.L.MARTINEZ,RACHAELTEASDALERACING,J.L.EYRE,11,GRAN HIPODROMO DE ANDALUCIA JAVIER PIÑAR HAFNER,2100,HIERBA,11
3_02-12-2012,GAMBERRO (IRE),1,4.0,60.0,V.JANACEK,ZEBRA,J.C.FERNANDEZ,7,GRAN HIPODROMO DE ANDALUCIA JAVIER PIÑAR HAFNER,2100,HIERBA,25
3_03-06-2012,GOLFO PERSICO (IRE),3,4.0,59.0,M.BORREGO,TONELESPAZOOKI,F.RODRIGUEZ,8,HIPODROMO LA ZARZUELA,1400,HIERBA,11
3_03-06-2012,GARAJONAY (FR),9,3.0,54.5,R.C.MONTENEGRO,ASOSAFSAFLOSTONELES,F.RODRIGUEZ,7,HIPODROMO LA ZARZUELA,1400,HIERBA,11
3_03-06-2012,RISBY (IRE),1,4.0,60.0,J.CROCQUEVIEILLE,VIGURIA,J.M.OSORIO,1,HIPODROMO LA ZARZUELA,1400,HIERBA,23
3_03-06-2012,MAKAAMEN (GB),4,6.0,59.0,V.SANCHEZ,DANIELROSET,T.CALLEJO.S,2,HIPODROMO LA ZARZUELA,1400,HIERBA,37
3_03-06-2012,DUNEDAIN (GB),5,4.0,60.0,SR.SARABIA.D,RIOCUBASSL,J.C.FERNANDEZ,4,HIPODROMO LA ZARZUELA,1400,HIERBA,10
3_03-06-2012,PANISIDE,7,3.0,54.5,J.GROSJEAN,SAFSAF,F.RODRIGUEZ,6,HIPODROMO LA ZARZUELA,1400,HIERBA,28
3_03-06-2012,SHUMOOKH (IRE),2,9.0,61.0,V.JANACEK,CDHLOSASPIRANTES2TUMBOS,T.CALLEJO.S,3,HIPODROMO LA ZARZUELA,1400,HIERBA,11
3_03-06-2012,CIELO CANARIAS (IRE),6,4.0,61.0,A.GOMEZ,GRBOLAÑOSGRCANARIA,E.LEON,5,HIPODROMO LA ZARZUELA,1400,HIERBA,11
3_03-06-2012,LAURA MOON (IRE),10,3.0,54.0,J.L.BORREGO,MANOLA,A.SANCHEZ.C,10,HIPODROMO LA ZARZUELA,1400,HIERBA,10
3_03-06-2012,EL FENIX,8,6.0,59.0,R.RAMOS,PEÑARROYA,C.GALLIPOLI,9,HIPODROMO LA ZARZUELA,1400,HIERBA,10
3_04-10-2015,TAPON DE ORO,3,4.0,69.0,SRTA.HIDALGO.S,ZURRAQUIN,M.HERNANDEZ,4,HIPODROMO LA ZARZUELA,1800,HIERBA,12
3_04-10-2015,GIGGOLO STAR,4,6.0,64.0,SR.CARMENA.M,ELTACO,M.AUGELLI,3,HIPODROMO LA ZARZUELA,1800,HIERBA,21
3_04-10-2015,CIRIACO,2,5.0,69.0,SR.PINEDA.G,MARBELLA,G.ARIZKORRETA,5,HIPODROMO LA ZARZUELA,1800,HIERBA,17
3_04-10-2015,HAPPY FEW (GB),6,7.0,67.0,SR.AGUILERA.R,AREQUIPA,R.HUAYAS,10,HIPODROMO LA ZARZUELA,1800,HIERBA,17
3_04-10-2015,MITRA,7,5.0,63.5,SRTA.BUESA.C,MAGICA,M.AUGELLI,8,HIPODROMO LA ZARZUELA,1800,HIERBA,15
3_04-10-2015,BILBO (FR),10,8.0,65.0,SR.GREDILLA.P,RIOAULENCIA,V.B.BUDA,6,HIPODROMO LA ZARZUELA,1800,HIERBA,17
3_04-10-2015,SYRILLUS (IRE),11,9.0,64.0,SR.ROSET.A,ZEZINHO,J.C.CERQUEIRA,12,HIPODROMO LA ZARZUELA,1800,HIERBA,6
3_04-10-2015,LINCE (GB),1,8.0,64.0,SR.MELGAREJO.I,ADELAI,F.RODRIGUEZ,11,HIPODROMO LA ZARZUELA,1800,HIERBA,15
3_04-10-2015,KIRILOVICH,5,5.0,66.0,SR.MARTIN.A.R,KAELA,R.MARTIN.V,9,HIPODROMO LA ZARZUELA,1800,HIERBA,26
3_04-10-2015,PANACEA (GB),9,8.0,66.5,SRTA.PEREZ.C,ELSABLE,E.PUENTE,1,HIPODROMO LA ZARZUELA,1800,HIERBA,13
3_04-10-2015,INHERITED (GB),8,5.0,67.0,SR.SARABIA.D,RIOCUBASSL,O.ANAYA,2,HIPODROMO LA ZARZUELA,1800,HIERBA,5
3_05-05-2016,SANPEDER (IRE),5,5.0,59.0,A.GOMEZ,PATRIZIAROSSANATESTA,M.TELLINI,6,GRAN HIPODROMO DE ANDALUCIA JAVIER PIÑAR HAFNER,2100,ARENA,8
3_05-05-2016,OBOE,2,4.0,61.0,J.GELABERT,ODISEA,A.CARRASCO,8,GRAN HIPODROMO DE ANDALUCIA JAVIER PIÑAR HAFNER,2100,ARENA,9
3_05-05-2016,MUNGAMIS (GB),3,5.0,54.5,B.FAYOS,JIMENA,B.RAMA,3,GRAN HIPODROMO DE ANDALUCIA JAVIER PIÑAR HAFNER,2100,ARENA,17
3_05-05-2016,ESQUILERO (GB),7,5.0,58.0,C.A.LOAIZA,OTORRON,T.MARTINS,2,GRAN HIPODROMO DE ANDALUCIA JAVIER PIÑAR HAFNER,2100,ARENA,6
3_05-05-2016,KIRILOVICH,8,6.0,63.5,G.MADERO,KAELA,R.MARTINV.,1,GRAN HIPODROMO DE ANDALUCIA JAVIER PIÑAR HAFNER,2100,ARENA,26
3_05-05-2016,AL TROPICAL,4,6.0,66.5,J.E.JARCOVSKY,PALOMARES,J.A.RODRIGUEZ,4,GRAN HIPODROMO DE ANDALUCIA JAVIER PIÑAR HAFNER,2100,ARENA,14
3_05-05-2016,LE FEU DU CIEL (FR),6,10.0,67.0,V.JANACEK,SAYAGO,G.ARIZKORRETA,5,GRAN HIPODROMO DE ANDALUCIA JAVIER PIÑAR HAFNER,2100,ARENA,6
3_05-05-2016,VICARAGE (IRE),1,4.0,54.5,N.DE.JULIAN,LASAGUILAS,T.CALLEJO.M,7,GRAN HIPODROMO DE ANDALUCIA JAVIER PIÑAR HAFNER,2100,ARENA,14
3_05-09-2013,OLZA (GB),6,6.0,50.0,M.SECCI,ENTREAMIGOS,M.AUGELLI,4,HIPODROMO LA ZARZUELA,2300,ARENA-FIBRA,7
3_05-09-2013,BURNING LIGHT (IRE),3,6.0,62.0,R.RAMOS,CASTILLODECHARETA,J.HIDALGO,3,HIPODROMO LA ZARZUELA,2300,ARENA-FIBRA,12
3_05-09-2013,PATRICIO (GB),8,6.0,53.0,J.HORCAJADA,PEÑARROYA,C.GALLIPOLI,7,HIPODROMO LA ZARZUELA,2300,ARENA-FIBRA,14
3_05-09-2013,LODOSA,4,5.0,54.0,J.M.SANCHEZ.C,CIELODEMADRID,O.RODRIGUEZ,5,HIPODROMO LA ZARZUELA,2300,ARENA-FIBRA,15
3_05-09-2013,PENDENCIERO (USA),1,6.0,54.0,J.CROCQUEVIEILLE,LAPAZ,J.A.RODRIGUEZ,1,HIPODROMO LA ZARZUELA,2300,ARENA-FIBRA,26
3_05-09-2013,LIBRETRASTO,2,5.0,59.0,SR.SARABIA.D,RIOCUBASSL,O.ANAYA,2,HIPODROMO LA ZARZUELA,2300,ARENA-FIBRA,16
3_05-09-2013,RAYO ROJO (IRE),7,5.0,53.0,M.GOMES,HISPANIA,R.MARTIN.V,9,HIPODROMO LA ZARZUELA,2300,ARENA-FIBRA,14
3_05-09-2013,SMASHER (FR),5,8.0,59.0,V.JANACEK,KAELA,R.MARTIN.V,8,HIPODROMO LA ZARZUELA,2300,ARENA-FIBRA,9
3_05-09-2013,CALAMARGO (IRE),9,6.0,55.0,O.O.URBINA,JIMENA,M.A.MARIN,6,HIPODROMO LA ZARZUELA,2300,ARENA-FIBRA,15
3_06-12-2015,BORYSTHENE (FR),10,7.0,52.5,SRTA.GELABERT.L,RESTAURANTEJASMIN,H.PEREIRA,9,GRAN HIPODROMO DE ANDALUCIA JAVIER PIÑAR HAFNER,1800,HIERBA,19
3_06-12-2015,EBEON,7,4.0,51.5,J.GELABERT,NANINA,J.CALDERON,7,GRAN HIPODROMO DE ANDALUCIA JAVIER PIÑAR HAFNER,1800,HIERBA,19
3_06-12-2015,DEL COSSA (FR),2,7.0,56.5,J.L.MARTINEZ,LASCADENAS,I.LOPEZ,2,GRAN HIPODROMO DE ANDALUCIA JAVIER PIÑAR HAFNER,1800,HIERBA,16
3_06-12-2015,DION CASIO,3,3.0,55.0,M.GOMES,CEJUELA,J.J.CHAVARRIAS,1,GRAN HIPODROMO DE ANDALUCIA JAVIER PIÑAR HAFNER,1800,HIERBA,5
3_06-12-2015,BIPOLAR,9,7.0,53.0,G.MADERO,BESTOFCAFE,C.VIDINHA,8,GRAN HIPODROMO DE ANDALUCIA JAVIER PIÑAR HAFNER,1800,HIERBA,20
3_06-12-2015,WINKL SIDE,5,5.0,55.0,B.FAYOS,HISPANICA,O.ANAYA,5,GRAN HIPODROMO DE ANDALUCIA JAVIER PIÑAR HAFNER,1800,HIERBA,20
3_06-12-2015,MITRA,6,5.0,58.0,A.J.GRATEROL,MAGICA,M.AUGELLI,3,GRAN HIPODROMO DE ANDALUCIA JAVIER PIÑAR HAFNER,1800,HIERBA,15
3_06-12-2015,REY DE LA PLATA,1,5.0,62.0,V.JANACEK,EPEREZGUZMAN,J.A.RODRIGUEZ,10,GRAN HIPODROMO DE ANDALUCIA JAVIER PIÑAR HAFNER,1800,HIERBA,13
3_06-12-2015,HAIL PROMENADER (IRE),8,9.0,58.0,E.J.ARGUINZONES,LASAGUILAS,E.IVANOVA,4,GRAN HIPODROMO DE ANDALUCIA JAVIER PIÑAR HAFNER,1800,HIERBA,6
3_06-12-2015,JUAN DANIEL,4,6.0,54.0,A.GOMEZ,JEREZANA,J.CALDERON,6,GRAN HIPODROMO DE ANDALUCIA JAVIER PIÑAR HAFNER,1800,HIERBA,26
3_09-12-12,CAPTAIN BLUEBIRD (IRE),9,5.0,57.0,F.ALVARADO,CASTILLODECHARETA,B.RAMA,1,GRAN HIPODROMO DE ANDALUCIA JAVIER PIÑAR HAFNER,1500,HIERBA,6
3_09-12-12,GALA,10,3.0,59.0,M.GOMES,REZAPAZOOKI,F.RODRIGUEZ,13,GRAN HIPODROMO DE ANDALUCIA JAVIER PIÑAR HAFNER,1500,HIERBA,8
3_09-12-12,HENARES,13,3.0,61.0,R.H.HUAYAS,ACASIÑA,J.A.RODRIGUEZ,14,GRAN HIPODROMO DE ANDALUCIA JAVIER PIÑAR HAFNER,1500,HIERBA,10
3_09-12-12,REAL TIGRESS (IRE),4,3.0,62.0,M.SECCI,BETVICTOR,G.ARIZKORRETA,6,GRAN HIPODROMO DE ANDALUCIA JAVIER PIÑAR HAFNER,1500,HIERBA,6
3_09-12-12,CALITXO,8,3.0,62.0,V.JANACEK,MKRACING,B.RAMA,12,GRAN HIPODROMO DE ANDALUCIA JAVIER PIÑAR HAFNER,1500,HIERBA,16
3_09-12-12,FLASH VAL,7,4.0,61.0,J.GROSJEAN,REZAPAZOOKI,F.RODRIGUEZ,3,GRAN HIPODROMO DE ANDALUCIA JAVIER PIÑAR HAFNER,1500,HIERBA,16
3_09-12-12,CHIQUI (IRE),1,3.0,62.0,J.L.BORREGO,SUFLE,J.C.FERNANDEZ,2,GRAN HIPODROMO DE ANDALUCIA JAVIER PIÑAR HAFNER,1500,HIERBA,10
3_09-12-12,DON PABLOS (IRE),6,4.0,59.0,R.RAMOS,CIELODEMADRID,O.RODRIGUEZ,11,GRAN HIPODROMO DE ANDALUCIA JAVIER PIÑAR HAFNER,1500,HIERBA,12
3_09-12-12,CAÑADIO (IRE),2,5.0,60.0,J.L.MARTINEZ,HISPANICA,J.C.FERNANDEZ,7,GRAN HIPODROMO DE ANDALUCIA JAVIER PIÑAR HAFNER,1500,HIERBA,30
3_09-12-12,ORDEE (FR),11,3.0,58.0,O.O.URBINA,INTERNORTE,T.MARTINS,5,GRAN HIPODROMO DE ANDALUCIA JAVIER PIÑAR HAFNER,1500,HIERBA,7
3_09-12-12,DESEADO,5,3.0,59.0,E.MELIAN,SUREÑA,J.A.RODRIGUEZ,8,GRAN HIPODROMO DE ANDALUCIA JAVIER PIÑAR HAFNER,1500,HIERBA,30
3_09-12-12,LISSELAN HOSTESS (IRE),3,4.0,59.0,S.BERMEJO,LISSELANFARMS,A.R.ACOSTA,4,GRAN HIPODROMO DE ANDALUCIA JAVIER PIÑAR HAFNER,1500,HIERBA,7
3_09-12-12,PIPPA SNUDGE (IRE),12,3.0,61.0,F.JIMENEZ,SUNSHINERACING,P.HALEY,9,GRAN HIPODROMO DE ANDALUCIA JAVIER PIÑAR HAFNER,1500,HIERBA,15
3_16-09-2012,TRESENPUNTO,1,4.0,55.0,V.JANACEK,DONALFA,M.J.PEREZ,3,HIPODROMO LA ZARZUELA,2100,HIERBA,9
3_16-09-2012,ECO JAR,3,5.0,62.0,M.GOMES,REZAPAZOOKI,F.RODRIGUEZ,5,HIPODROMO LA ZARZUELA,2100,HIERBA,21
3_16-09-2012,HANDSOME HUGO,9,4.0,58.0,R.RAMOS,AIBRUN,B.RECIO,11,HIPODROMO LA ZARZUELA,2100,HIERBA,14
3_16-09-2012,MALKOVA (FR),5,4.0,62.0,J.GROSJEAN,YUDAKOVA,J.A.RODRIGUEZ,8,HIPODROMO LA ZARZUELA,2100,HIERBA,9
3_16-09-2012,OJO DE HALCON (IRE),11,4.0,50.0,SRTA.GUTIERREZ.A,LASAGUILAS,A.GUTIERREZ,10,HIPODROMO LA ZARZUELA,2100,HIERBA,10
3_16-09-2012,LONGUEIRON,4,3.0,61.5,F.JIMENEZ,PEREIRASAT,J.C.LOPERA,1,HIPODROMO LA ZARZUELA,2100,HIERBA,6
3_16-09-2012,YUCATAN,2,3.0,58.5,J.L.BORREGO,AGRANXA,J.M.BORREGO.R,2,HIPODROMO LA ZARZUELA,2100,HIERBA,11
3_16-09-2012,AGALA CANARIAS (IRE),8,3.0,53.5,J.HORCAJADA,ENTREAMIGOS,M.AUGELLI,7,HIPODROMO LA ZARZUELA,2100,HIERBA,10
3_16-09-2012,AVON FERRY (GB),7,5.0,60.0,J.CROCQUEVIEILLE,CIUDADDEARUCAS,F.PEREZ,9,HIPODROMO LA ZARZUELA,2100,HIERBA,9
3_16-09-2012,PATRICIO (GB),6,5.0,58.0,A.GOMEZ,PEÑARROYA,C.GALLIPOLI,6,HIPODROMO LA ZARZUELA,2100,HIERBA,14
3_16-09-2012,VIUGA,10,4.0,51.0,M.SECCI,LASAGUILAS,A.GUTIERREZ,4,HIPODROMO LA ZARZUELA,2100,HIERBA,8
3_17-07-2014,CHACARITA,3,4.0,58.0,V.JANACEK,ALBERO,G.ARIZKORRETA,7,HIPODROMO LA ZARZUELA,2300,ARENA-FIBRA,11
3_17-07-2014,LIKELIKELIKELIKEIT (GB),10,4.0,59.0,J.CROCQUEVIEILLE,ALTAMIRA,J.A.RODRIGUEZ,2,HIPODROMO LA ZARZUELA,2300,ARENA-FIBRA,5
3_17-07-2014,INHERITED (GB),5,4.0,62.0,B.FAYOS,TINERFE,O.ANAYA,4,HIPODROMO LA ZARZUELA,2300,ARENA-FIBRA,5
3_17-07-2014,DIXLESIO (IRE),4,6.0,61.0,M.A.NARVAEZ,RIASBAIXAS,O.RODRIGUEZ,10,HIPODROMO LA ZARZUELA,2300,ARENA-FIBRA,21
3_17-07-2014,ARGALY,6,8.0,58.0,J.L.BORREGO,KAELA,R.MARTIN.V,8,HIPODROMO LA ZARZUELA,2300,ARENA-FIBRA,42
3_17-07-2014,KIRILOVICH,9,4.0,59.0,J.L.MARTINEZ,KAELA,R.MARTIN.V,9,HIPODROMO LA ZARZUELA,2300,ARENA-FIBRA,26
3_17-07-2014,PENDENCIERO (USA),2,7.0,55.0,E.ARGUINZONES,LAPAZ,J.A.RODRIGUEZ,5,HIPODROMO LA ZARZUELA,2300,ARENA-FIBRA,26
3_17-07-2014,TAFADHALI,7,6.0,57.0,R.RAMOS,LAJORQUIN,J.MARTINEZ,6,HIPODROMO LA ZARZUELA,2300,ARENA-FIBRA,36
3_17-07-2014,ROCK MUSIC,8,4.0,55.0,O.O.URBINA,YCORTIÑAL,E.BUZON,3,HIPODROMO LA ZARZUELA,2300,ARENA-FIBRA,12
3_17-07-2014,COSIDE (USA),1,6.0,60.0,R.SOUSA,CANTER,E.LEON,1,HIPODROMO LA ZARZUELA,2300,ARENA-FIBRA,21
3_18-12-2011,ZARIEVICH NUÑEZ (IRE),4,4.0,60.0,B.FAYOS,LANUNEZ,J.A.RODRIGUEZ,6,GRAN HIPODROMO DE ANDALUCIA JAVIER PIÑAR HAFNER,2100,HIERBA,7
3_18-12-2011,ORLOV,5,5.0,58.0,J.C.CERQUEIRA,AGRADO,T.CALLEJO,9,GRAN HIPODROMO DE ANDALUCIA JAVIER PIÑAR HAFNER,2100,HIERBA,10
3_18-12-2011,SKY BLUE,8,4.0,55.0,R.RAMOS,LASAGUILAS,G.VILLARTA,2,GRAN HIPODROMO DE ANDALUCIA JAVIER PIÑAR HAFNER,2100,HIERBA,7
3_18-12-2011,ILUSIONISTA,6,5.0,65.0,A.GOMEZ,ODISEA,I.GOMEZ,1,GRAN HIPODROMO DE ANDALUCIA JAVIER PIÑAR HAFNER,2100,HIERBA,11
3_18-12-2011,STRANGE CAT (FR),2,3.0,54.0,V.JANACEK,ALISARES,A.SANCHEZ.C,3,GRAN HIPODROMO DE ANDALUCIA JAVIER PIÑAR HAFNER,2100,HIERBA,6
3_18-12-2011,COMANCHE TRAIL (FR),7,5.0,59.0,E.MELIAN,SOÑADOR,J.SALGUERO,8,GRAN HIPODROMO DE ANDALUCIA JAVIER PIÑAR HAFNER,2100,HIERBA,6
3_18-12-2011,NARIXA (GB),10,3.0,59.0,I.LOPEZ,CRUCEÑA,O.ANAYA,4,GRAN HIPODROMO DE ANDALUCIA JAVIER PIÑAR HAFNER,2100,HIERBA,6
3_18-12-2011,ABANTOS (IRE),9,3.0,58.0,O.O.URBINA,ESCORIAL,J.L.MAROTO,10,GRAN HIPODROMO DE ANDALUCIA JAVIER PIÑAR HAFNER,2100,HIERBA,5
3_18-12-2011,INDIAN LOU,1,4.0,63.0,J.CROCQUEVIEILLE,BARREIROS,J.C.ROSELL,7,GRAN HIPODROMO DE ANDALUCIA JAVIER PIÑAR HAFNER,2100,HIERBA,16
3_18-12-2011,ECO JAR,3,4.0,57.0,J.GROSJEAN,REZAPAZOOKI,F.RODRIGUEZ,5,GRAN HIPODROMO DE ANDALUCIA JAVIER PIÑAR HAFNER,2100,HIERBA,21
3_19-05-2016,MANOLETE,7,4.0,62.0,J.GELABERT,YCORTIÑAL,J.A.RODRIGUEZ,1,GRAN HIPODROMO DE ANDALUCIA JAVIER PIÑAR HAFNER,1900,ARENA,8
3_19-05-2016,FIGUEIRAS,6,6.0,54.0,L.ECHRRAA,PATITAS,S.SARRIAS,3,GRAN HIPODROMO DE ANDALUCIA JAVIER PIÑAR HAFNER,1900,ARENA,26
3_19-05-2016,ODIN,2,4.0,59.0,C.A.LOAIZA,LOSAMIGOS,I.LOPEZ,8,GRAN HIPODROMO DE ANDALUCIA JAVIER PIÑAR HAFNER,1900,ARENA,5
3_19-05-2016,MAKAAMEN (GB),4,10.0,56.5,E.J.ARGUINZONES,EACHWAY,A.SANCHEZ.C,2,GRAN HIPODROMO DE ANDALUCIA JAVIER PIÑAR HAFNER,1900,ARENA,37
3_19-05-2016,THE FIRST ONE,5,6.0,53.0,N.DE.JULIAN,LASAGUILAS,T.CALLEJO.M,7,GRAN HIPODROMO DE ANDALUCIA JAVIER PIÑAR HAFNER,1900,ARENA,5
3_19-05-2016,GOLDING BOY (FR),8,6.0,61.0,A.GOMEZ,HELPINGHANDREALESTATE,G.RODRIGUEZ,6,GRAN HIPODROMO DE ANDALUCIA JAVIER PIÑAR HAFNER,1900,ARENA,10
3_19-05-2016,KUBOKI (FR),3,5.0,59.5,J.L.MARTINEZ,HELIZABEL,J.SALGUERO,4,GRAN HIPODROMO DE ANDALUCIA JAVIER PIÑAR HAFNER,1900,ARENA,17
3_19-05-2016,INNUENDO (FR),1,5.0,61.0,R.SOUSA,CELV,D.TEIXEIRA,5,GRAN HIPODROMO DE ANDALUCIA JAVIER PIÑAR HAFNER,1900,ARENA,15
3_19-07-2012,GAMBERRO (IRE),6,4.0,52.0,C.CAZALIS,ZEBRA,J.C.FERNANDEZ,3,HIPODROMO LA ZARZUELA,1900,ARENA-FIBRA,25
3_19-07-2012,ALFRED,4,6.0,56.0,J.M.SANCHEZ.C,CIELODEMADRID,O.RODRIGUEZ,6,HIPODROMO LA ZARZUELA,1900,ARENA-FIBRA,10
3_19-07-2012,DAVAY (USA),3,4.0,54.0,N.GARCIA,LUISALBERTONUÑEZ,J.A.RODRIGUEZ,7,HIPODROMO LA ZARZUELA,1900,ARENA-FIBRA,11
3_19-07-2012,INDIAN DRUMS (USA),1,4.0,62.0,V.JANACEK,POPULAR,G.ARIZKORRETA,2,HIPODROMO LA ZARZUELA,1900,ARENA-FIBRA,7
3_19-07-2012,PENDENCIERO (USA),5,5.0,59.0,J.GROSJEAN,LAPAZ,J.A.RODRIGUEZ,1,HIPODROMO LA ZARZUELA,1900,ARENA-FIBRA,26
3_19-07-2012,NESKA (GB),2,4.0,56.0,R.HUAYAS,GONZALOHERNANDOABOIN,A.CARRASCO,4,HIPODROMO LA ZARZUELA,1900,ARENA-FIBRA,14
3_19-07-2012,UN MONDE,7,4.0,53.0,A.GOMEZ,ALISARES,A.SANCHEZ.C,5,HIPODROMO LA ZARZUELA,1900,ARENA-FIBRA,13
3_20-11-2016,JAI,8,3.0,60.5,J.L.BORREGO,ZEBRA,J.JIMENEZ,10,HIPODROMO LA ZARZUELA,1600,HIERBA,16
3_20-11-2016,DUENDECILLO,2,6.0,62.0,A.GOMEZ,BOBBY,T.MARTINS,7,HIPODROMO LA ZARZUELA,1600,HIERBA,17
3_20-11-2016,BIPOLAR,7,8.0,62.0,M.GOMES,BESTOFCAFE,L.A.OLIVEIRA,3,HIPODROMO LA ZARZUELA,1600,HIERBA,20
3_20-11-2016,SUNSUNA (GB),3,4.0,60.5,I.BORREGO,CAPRI,J.JERSIN,4,HIPODROMO LA ZARZUELA,1600,HIERBA,13
3_20-11-2016,PILIN,9,3.0,59.5,B.FAYOS,BUELNAEQUII,R.HUAYAS,6,HIPODROMO LA ZARZUELA,1600,HIERBA,7
3_20-11-2016,CONCHUGA,10,4.0,53.5,J.GELABERT,BUELNAEQUII,R.HUAYAS,8,HIPODROMO LA ZARZUELA,1600,HIERBA,7
3_20-11-2016,JAROCHO,1,4.0,60.5,V.JANACEK,KILLOTURF,F.PEREZ,5,HIPODROMO LA ZARZUELA,1600,HIERBA,19
3_20-11-2016,SANTA HELENA (FR),4,4.0,60.5,R.SOUSA,IGUELDO,B.MORENO,2,HIPODROMO LA ZARZUELA,1600,HIERBA,12
3_20-11-2016,CUENTISTA,6,7.0,61.0,J.L.MARTINEZ,ODISEA,A.CARRASCO,9,HIPODROMO LA ZARZUELA,1600,HIERBA,21
3_20-11-2016,CAPEARTH (IRE),5,6.0,60.5,E.ARGUINZONES,ELSABLE,E.PUENTE,1,HIPODROMO LA ZARZUELA,1600,HIERBA,15
3_22-01-2012,MAJOR DUDE (GB),10,4.0,56.0,V.SANCHEZ,RACHAELTEASDALERACING,J.L.EYRE,12,GRAN HIPODROMO DE ANDALUCIA JAVIER PIÑAR HAFNER,1300,HIERBA,6
3_22-01-2012,BOMBADIL (IRE),3,5.0,56.0,S.BERMEJO,JEREZANA,J.CALDERON,8,GRAN HIPODROMO DE ANDALUCIA JAVIER PIÑAR HAFNER,1300,HIERBA,10
3_22-01-2012,EL AFRICANO,5,5.0,56.0,C.CAZALIS,LASAGUILAS,G.VILLARTA,7,GRAN HIPODROMO DE ANDALUCIA JAVIER PIÑAR HAFNER,1300,HIERBA,41
3_22-01-2012,MAKAAMEN (GB),8,6.0,56.0,J.L.URIBE,TEODOROCALLEJO,T.CALLEJO,2,GRAN HIPODROMO DE ANDALUCIA JAVIER PIÑAR HAFNER,1300,HIERBA,37
3_22-01-2012,CAÑADIO (IRE),4,5.0,58.0,C.FERNANDEZ,HISPANICA,J.C.FERNANDEZ,9,GRAN HIPODROMO DE ANDALUCIA JAVIER PIÑAR HAFNER,1300,HIERBA,30
3_22-01-2012,SECRETSIDE (IRE),6,4.0,60.0,M.BORREGO,SAFSAF,F.RODRIGUEZ,1,GRAN HIPODROMO DE ANDALUCIA JAVIER PIÑAR HAFNER,1300,HIERBA,11
3_22-01-2012,DUNEDAIN (GB),1,4.0,58.0,J.M.SANCHEZ.C,MIRANDASL,M.DELCHER.S,6,GRAN HIPODROMO DE ANDALUCIA JAVIER PIÑAR HAFNER,1300,HIERBA,10
3_22-01-2012,BARKING (IRE),7,4.0,56.0,SRTA.ZAPICO.S,BPSANMATEO,O.ANAYA,11,GRAN HIPODROMO DE ANDALUCIA JAVIER PIÑAR HAFNER,1300,HIERBA,8
3_22-01-2012,PICHUCA (GB),9,4.0,54.5,SRTA.GONZALEZ.R,ROMANAALTA,M.J.PEREZ,3,GRAN HIPODROMO DE ANDALUCIA JAVIER PIÑAR HAFNER,1300,HIERBA,12
3_22-01-2012,RAAMI (GB),2,5.0,57.0,SRTA.BUESA.C,BPSANMATEO,O.ANAYA,4,GRAN HIPODROMO DE ANDALUCIA JAVIER PIÑAR HAFNER,1300,HIERBA,5
3_22-11-2015,PAT THE BUNNY,4,3.0,54.0,J.GELABERT,IBIZA,G.ARIZKORRETA,5,HIPODROMO LA ZARZUELA,1600,HIERBA,5
3_22-11-2015,ARGALY,8,9.0,58.0,R.H.HUAYAS,AREQUIPA,R.HUAYAS,7,HIPODROMO LA ZARZUELA,1600,HIERBA,42
3_22-11-2015,PANISIDE,3,6.0,56.0,R.SOUSA,INDIA,F.RODRIGUEZ,2,HIPODROMO LA ZARZUELA,1600,HIERBA,28
3_22-11-2015,BARONESA VOLADORA,5,4.0,55.5,I.MENDIZABAL,ODISEA,A.CARRASCO,4,HIPODROMO LA ZARZUELA,1600,HIERBA,18
3_22-11-2015,MILIKI (GB),1,4.0,63.0,B.FAYOS,BRAVOTANGOZULU,V.B.BUDA,3,HIPODROMO LA ZARZUELA,1600,HIERBA,23
3_22-11-2015,DIVISA AZUL,7,4.0,59.0,J.L.MARTINEZ,ARTEMIS,J.LOPEZ,8,HIPODROMO LA ZARZUELA,1600,HIERBA,12
3_22-11-2015,MAYO,6,5.0,59.0,V.JANACEK,GRAFIMAR,M.A.MARIN,6,HIPODROMO LA ZARZUELA,1600,HIERBA,20
3_22-11-2015,DESENMASCARADO,2,3.0,53.0,M.GOMES,CDECIBELES,J.C.CERQUEIRA,1,HIPODROMO LA ZARZUELA,1600,HIERBA,9
3_22-12-2013,DEVIL BLACK,6,3.0,58.0,A.GOMEZ,LAESPIGA,I.GOMEZ,9,GRAN HIPODROMO DE ANDALUCIA JAVIER PIÑAR HAFNER,1500,HIERBA,13
3_22-12-2013,EL AFRICANO,3,6.0,60.0,M.SECCI,LASAGUILAS,E.IVANOVA,4,GRAN HIPODROMO DE ANDALUCIA JAVIER PIÑAR HAFNER,1500,HIERBA,41
3_22-12-2013,TONSAF (IRE),12,3.0,58.0,O.O.URBINA,AMIGA,M.ALVAREZ,13,GRAN HIPODROMO DE ANDALUCIA JAVIER PIÑAR HAFNER,1500,HIERBA,5
3_22-12-2013,DEAUVILLE AZUL (GB),1,3.0,56.0,B.FAYOS,MARIADESALAS,J.L.MAROTO,1,GRAN HIPODROMO DE ANDALUCIA JAVIER PIÑAR HAFNER,1500,HIERBA,6
3_22-12-2013,JUNGLE (GB),14,4.0,58.0,F.ALVARADO,LABERINTO,G.GOMEZ,6,GRAN HIPODROMO DE ANDALUCIA JAVIER PIÑAR HAFNER,1500,HIERBA,8
3_22-12-2013,LAURA MOON (IRE),10,4.0,61.0,R.H.HUAYAS,TOPSECRET,J.HIDALGO,14,GRAN HIPODROMO DE ANDALUCIA JAVIER PIÑAR HAFNER,1500,HIERBA,10
3_22-12-2013,SUNAMI,9,3.0,57.0,R.RAMOS,COLISA,J.A.RODRIGUEZ,7,GRAN HIPODROMO DE ANDALUCIA JAVIER PIÑAR HAFNER,1500,HIERBA,9
3_22-12-2013,DESEADO,7,4.0,57.0,SR.DE.JULIAN.N,SUREÑA,J.A.RODRIGUEZ,12,GRAN HIPODROMO DE ANDALUCIA JAVIER PIÑAR HAFNER,1500,HIERBA,30
3_22-12-2013,GOLFO PERSICO (IRE),11,5.0,58.0,J.CROCQUEVIEILLE,ELBILLETERO,O.ANAYA,8,GRAN HIPODROMO DE ANDALUCIA JAVIER PIÑAR HAFNER,1500,HIERBA,11
3_22-12-2013,ARGOS,13,3.0,57.0,V.JANACEK,LUISFELIPEAUÑON,J.C.ROSELL,10,GRAN HIPODROMO DE ANDALUCIA JAVIER PIÑAR HAFNER,1500,HIERBA,18
3_22-12-2013,CALITXO,5,4.0,57.0,M.A.NARVAEZ,MKRACING,B.RAMA,11,GRAN HIPODROMO DE ANDALUCIA JAVIER PIÑAR HAFNER,1500,HIERBA,16
3_22-12-2013,BLACK DIBEL (GB),2,5.0,61.0,J.E.JARCOVSKY,LABERINTO,G.GOMEZ,3,GRAN HIPODROMO DE ANDALUCIA JAVIER PIÑAR HAFNER,1500,HIERBA,11
3_22-12-2013,PIPPA SNUDGE (IRE),8,4.0,55.0,J.HORCAJADA,SUNSHINERACING,P.HALEY,2,GRAN HIPODROMO DE ANDALUCIA JAVIER PIÑAR HAFNER,1500,HIERBA,15
3_22-12-2013,CALABAZAS (FR),4,3.0,62.0,M.GOMES,ODISEA,I.GOMEZ,5,GRAN HIPODROMO DE ANDALUCIA JAVIER PIÑAR HAFNER,1500,HIERBA,6
3_25-07-2013,PENDENCIERO (USA),3,6.0,53.0,J.HORCAJADA,LAPAZ,J.A.RODRIGUEZ,6,HIPODROMO LA ZARZUELA,2300,ARENA-FIBRA,26
3_25-07-2013,BURNING LIGHT (IRE),2,6.0,56.0,V.JANACEK,CASTILLODECHARETA,J.HIDALGO,1,HIPODROMO LA ZARZUELA,2300,ARENA-FIBRA,12
3_25-07-2013,CALAMARGO (IRE),6,6.0,55.0,M.GOMES,JIMENA,M.A.MARIN,9,HIPODROMO LA ZARZUELA,2300,ARENA-FIBRA,15
3_25-07-2013,SEMINOLE CRY (USA),4,8.0,62.0,O.O.URBINA,CARRERASINTERNATIONAL,J.L.EYRE,3,HIPODROMO LA ZARZUELA,2300,ARENA-FIBRA,13
3_25-07-2013,DIXLESIO (IRE),5,5.0,62.0,M.BORREGO,RIASBAIXAS,O.RODRIGUEZ,8,HIPODROMO LA ZARZUELA,2300,ARENA-FIBRA,21
3_25-07-2013,COSIDE (USA),1,5.0,62.0,J.L.MARTINEZ,CANTER,E.LEON,2,HIPODROMO LA ZARZUELA,2300,ARENA-FIBRA,21
3_25-07-2013,MARIUS,7,4.0,53.0,M.SECCI,GUEDES,H.PEREIRA,5,HIPODROMO LA ZARZUELA,2300,ARENA-FIBRA,12
3_25-07-2013,PORQUENOTECALLAS (IRE),8,7.0,58.0,SR.LABORDE.P,ESTACIONTURF,T.MARTINS,7,HIPODROMO LA ZARZUELA,2300,ARENA-FIBRA,10
3_26-11-2015,GARAJONAY (FR),5,6.0,58.0,G.MADERO,ELSABLE,E.PUENTE,7,GRAN HIPODROMO DE ANDALUCIA JAVIER PIÑAR HAFNER,1500,ARENA,11
3_26-11-2015,DIM DAM,4,4.0,56.0,A.GOMEZ,CASTIZA,J.LOPEZ,8,GRAN HIPODROMO DE ANDALUCIA JAVIER PIÑAR HAFNER,1500,ARENA,9
3_26-11-2015,DUBAI SPRING (USA),1,6.0,59.5,N.DE.JULIAN,ZEZINHO,J.C.CERQUEIRA,9,GRAN HIPODROMO DE ANDALUCIA JAVIER PIÑAR HAFNER,1500,ARENA,16
3_26-11-2015,ARGOS,3,5.0,58.5,V.JANACEK,BARREIROS,D.DELBARRIO,2,GRAN HIPODROMO DE ANDALUCIA JAVIER PIÑAR HAFNER,1500,ARENA,18
3_26-11-2015,EMPERORS SONG (IRE),9,4.0,61.0,M.GOMES,RIOCUBASSL,O.ANAYA,3,GRAN HIPODROMO DE ANDALUCIA JAVIER PIÑAR HAFNER,1500,ARENA,5
3_26-11-2015,HAIL PROMENADER (IRE),7,9.0,61.0,E.J.ARGUINZONES,LASAGUILAS,E.IVANOVA,1,GRAN HIPODROMO DE ANDALUCIA JAVIER PIÑAR HAFNER,1500,ARENA,6
3_26-11-2015,NAFAR (GER),6,7.0,62.0,J.GELABERT,SILVER,I.MENDES,5,GRAN HIPODROMO DE ANDALUCIA JAVIER PIÑAR HAFNER,1500,ARENA,6
3_26-11-2015,DUBROVNIK,2,5.0,60.0,R.SOUSA,YLASCUEVAS,J.CALDERON,4,GRAN HIPODROMO DE ANDALUCIA JAVIER PIÑAR HAFNER,1500,ARENA,26
3_26-11-2015,CAPEARTH (IRE),8,5.0,57.0,A.G.DELGADO,ELSABLE,E.PUENTE,6,GRAN HIPODROMO DE ANDALUCIA JAVIER PIÑAR HAFNER,1500,ARENA,15
3_29-08-2013,RAYO ROJO (IRE),5,5.0,53.0,M.GOMES,HISPANIA,R.MARTIN.V,6,HIPODROMO LA ZARZUELA,1600,ARENA-FIBRA,14
3_29-08-2013,SUPERBONI (FR),2,5.0,56.0,SR.LABORDE.P,CRUCEÑA,J.LOPEZ,5,HIPODROMO LA ZARZUELA,1600,ARENA-FIBRA,18
3_29-08-2013,WAD VISON,3,3.0,57.5,V.JANACEK,RCA,J.A.RODRIGUEZ,1,HIPODROMO LA ZARZUELA,1600,ARENA-FIBRA,20
3_29-08-2013,ALBRET (IRE),4,4.0,61.0,SR.GORDILLO.M,MGRACING,E.LEON,3,HIPODROMO LA ZARZUELA,1600,ARENA-FIBRA,9
3_29-08-2013,LINCE (GB),1,6.0,64.0,S.BERMEJO,ADELAI,F.RODRIGUEZ,2,HIPODROMO LA ZARZUELA,1600,ARENA-FIBRA,15
3_29-08-2013,ARGALY,6,7.0,62.0,A.G.DELGADO,MADELAINE,J.HIDALGO,4,HIPODROMO LA ZARZUELA,1600,ARENA-FIBRA,42
3_30-11-2014,COSIDE (USA),3,6.0,56.0,J.L.MARTINEZ,CANTER,E.LEON,1,HIPODROMO LA ZARZUELA,4000,HIERBA,21
3_30-11-2014,SPAGNOLO (GB),6,4.0,56.0,R.SOUSA,SALVADORMARQUEZ,B.VALENTI,5,HIPODROMO LA ZARZUELA,4000,HIERBA,6
3_30-11-2014,DIXLESIO (IRE),4,6.0,56.0,B.FAYOS,RIASBAIXAS,O.RODRIGUEZ,2,HIPODROMO LA ZARZUELA,4000,HIERBA,21
3_30-11-2014,ACHTUNG,1,6.0,56.0,M.GOMES,ENALTO,J.LOPEZ,6,HIPODROMO LA ZARZUELA,4000,HIERBA,15
3_30-11-2014,MONSIEUR OPERA (FR),5,5.0,56.0,V.JANACEK,SALVADORMARQUEZ,B.VALENTI,3,HIPODROMO LA ZARZUELA,4000,HIERBA,7
3_30-11-2014,GUERAL,2,5.0,56.0,J.CROCQUEVIEILLE,SANANTONIO,J.L.MAROTO,4,HIPODROMO LA ZARZUELA,4000,HIERBA,13
3_9-10-2016,MRLUXOR (IRE),2,4.0,62.0,A.GOMEZ,ALTAMIRA,A.NUÑEZ,17,HIPODROMO LA ZARZUELA,1800,HIERBA,6
3_9-10-2016,PIERREFITEOU,1,5.0,59.5,R.HUAYAS,SAMALASSA,V.B.BUDA,15,HIPODROMO LA ZARZUELA,1800,HIERBA,7
3_9-10-2016,BARONESA VOLADORA,10,5.0,61.5,J.E.JARCOVSKY,ODISEA,A.CARRASCO,5,HIPODROMO LA ZARZUELA,1800,HIERBA,18
3_9-10-2016,VICARAGE (IRE),13,4.0,55.0,J.CASTAÑO,LASAGUILAS,T.CALLEJO.M,8,HIPODROMO LA ZARZUELA,1800,HIERBA,14
3_9-10-2016,IVAN EL TERRIBLE,14,4.0,61.0,J.M.BORREGO,ARTEMIS,J.LOPEZ,9,HIPODROMO LA ZARZUELA,1800,HIERBA,18
3_9-10-2016,KIRILOVICH,4,6.0,62.5,G.MADERO,KAELA,R.MARTIN.V,7,HIPODROMO LA ZARZUELA,1800,HIERBA,26
3_9-10-2016,QUIMERA (GB),6,4.0,60.0,M.A.NARVAEZ,FORMENTOR,G.ARIZKORRETA,13,HIPODROMO LA ZARZUELA,1800,HIERBA,10
3_9-10-2016,ARNULFO,5,4.0,60.0,I.BORREGO,ATERPE,G.ARIZKORRETA,3,HIPODROMO LA ZARZUELA,1800,HIERBA,12
3_9-10-2016,JAROCHO,12,4.0,54.5,P.MARABITTI,KILLOTURF,F.PEREZ,11,HIPODROMO LA ZARZUELA,1800,HIERBA,19
3_9-10-2016,DESTINOCANARIAS,9,3.0,62.5,A.J.GRATEROL,GRBOLAÑOSGRCANARIA,A.REMOLINA,16,HIPODROMO LA ZARZUELA,1800,HIERBA,6
3_9-10-2016,EBEON,15,5.0,58.5,C.A.LOAIZA,NANINA,J.CALDERON,1,HIPODROMO LA ZARZUELA,1800,HIERBA,19
3_9-10-2016,MITRA,7,6.0,56.5,E.ARGUINZONES,MAGICA,M.AUGELLI,4,HIPODROMO LA ZARZUELA,1800,HIERBA,15
3_9-10-2016,SUEVO,11,4.0,62.0,V.M.VALENZUELA,TIZIANO,J.L.MAROTO,14,HIPODROMO LA ZARZUELA,1800,HIERBA,8
3_9-10-2016,DIVISA AZUL,3,5.0,55.5,F.MARTINEZ,LOSCOLCHONEROS,M.J.PEREZ,6,HIPODROMO LA ZARZUELA,1800,HIERBA,12
3_9-10-2016,SANTA HELENA (FR),8,4.0,53.0,N.GARCIA,IGUELDO,B.MORENO,12,HIPODROMO LA ZARZUELA,1800,HIERBA,12
4-05-01-2014,NOT SO BRIGHT (USA),8,6.0,53.0,SR.GELABERT.J,CASTILLODECHARETA,F.ALVARADO,7,GRAN HIPODROMO DE ANDALUCIA JAVIER PIÑAR HAFNER,1400,HIERBA,8
4-05-01-2014,SYRILLUS (IRE),3,8.0,54.0,SRTA.GELABERT.L,MAIAALFE,C.VIDINHA,1,GRAN HIPODROMO DE ANDALUCIA JAVIER PIÑAR HAFNER,1400,HIERBA,6
4-05-01-2014,EL AFRICANO,5,7.0,55.0,J.HORCAJADA,LASAGUILAS,E.IVANOVA,6,GRAN HIPODROMO DE ANDALUCIA JAVIER PIÑAR HAFNER,1400,HIERBA,41
4-05-01-2014,IDEM,11,4.0,54.0,M.A.NARVAEZ,TALISMAN,J.A.RODRIGUEZ,8,GRAN HIPODROMO DE ANDALUCIA JAVIER PIÑAR HAFNER,1400,HIERBA,7
4-05-01-2014,SOL DYHIM,1,4.0,58.0,J.L.MARTINEZ,MANOLA,B.VALENTI,5,GRAN HIPODROMO DE ANDALUCIA JAVIER PIÑAR HAFNER,1400,HIERBA,5
4-05-01-2014,JUAN DANIEL,2,5.0,56.0,R.SOUSA,JEREZANA,J.CALDERON,2,GRAN HIPODROMO DE ANDALUCIA JAVIER PIÑAR HAFNER,1400,HIERBA,26
4-05-01-2014,RUBENS,6,9.0,59.0,R.RAMOS,YCORTIÑAL,J.A.RODRIGUEZ,3,GRAN HIPODROMO DE ANDALUCIA JAVIER PIÑAR HAFNER,1400,HIERBA,14
4-05-01-2014,MICKEY (GER),9,4.0,57.0,J.E.JARCOVSKY,HABIT,J.C.FERNANDEZ,10,GRAN HIPODROMO DE ANDALUCIA JAVIER PIÑAR HAFNER,1400,HIERBA,9
4-05-01-2014,CAÑADIO (IRE),4,7.0,56.0,O.O.URBINA,HISPANICA,J.C.FERNANDEZ,4,GRAN HIPODROMO DE ANDALUCIA JAVIER PIÑAR HAFNER,1400,HIERBA,30
4-05-01-2014,ALHAPRINCE (IRE),7,10.0,55.0,M.GOMES,GUAYCURU,K.NIKANEN,9,GRAN HIPODROMO DE ANDALUCIA JAVIER PIÑAR HAFNER,1400,HIERBA,12
4-05-01-2014,FELIPE EL HERMOSO (FR),10,6.0,62.0,SR.SARABIA.D,RIOCUBASSL,O.ANAYA,12,GRAN HIPODROMO DE ANDALUCIA JAVIER PIÑAR HAFNER,1400,HIERBA,6
4_02-11-2014,TAPON DE ORO,8,3.0,52.0,M.SECCI,ZURRAQUIN,M.HERNANDEZ,4,HIPODROMO LA ZARZUELA,2200,HIERBA,12
4_02-11-2014,TEQUILA,1,3.0,50.0,J.GELABERT,ZURRAQUIN,M.HERNANDEZ,12,HIPODROMO LA ZARZUELA,2200,HIERBA,17
4_02-11-2014,TRAMAZALES (GB),5,3.0,58.0,O.O.URBINA,BERING,J.LOPEZ,9,HIPODROMO LA ZARZUELA,2200,HIERBA,6
4_02-11-2014,LAMUZA,9,3.0,50.0,I.JANACKOVA,ATERPE,G.ARIZKORRETA,11,HIPODROMO LA ZARZUELA,2200,HIERBA,9
4_02-11-2014,HISPANICO,6,3.0,55.0,J.CROCQUEVIEILLE,HISPANICA,C.FERNANDEZ,7,HIPODROMO LA ZARZUELA,2200,HIERBA,14
4_02-11-2014,BARAÑAIN,11,5.0,59.0,M.BORREGO,CONQUISTADOR,T.MARTINS,8,HIPODROMO LA ZARZUELA,2200,HIERBA,13
4_02-11-2014,COSIDE (USA),4,6.0,59.0,J.L.MARTINEZ,CANTER,E.LEON,5,HIPODROMO LA ZARZUELA,2200,HIERBA,21
4_02-11-2014,DIXLESIO (IRE),2,6.0,55.0,B.FAYOS,RIASBAIXAS,O.RODRIGUEZ,6,HIPODROMO LA ZARZUELA,2200,HIERBA,21
4_02-11-2014,KIRILOVICH,7,4.0,52.0,M.GOMES,KAELA,R.MARTIN.V,2,HIPODROMO LA ZARZUELA,2200,HIERBA,26
4_02-11-2014,TAFADHALI,12,6.0,50.0,N.GARCIA,LAJORQUIN,J.MARTINEZ,3,HIPODROMO LA ZARZUELA,2200,HIERBA,36
4_02-11-2014,KURDO (FR),3,6.0,63.0,V.JANACEK,YAGF,G.ARIZKORRETA,10,HIPODROMO LA ZARZUELA,2200,HIERBA,22
4_02-11-2014,NOTARIO (GB),10,4.0,52.0,R.SOUSA,CELSOMENDEZ,T.CALLEJO.S,1,HIPODROMO LA ZARZUELA,2200,HIERBA,8
4_02-12-2012,DIXLESIO (IRE),3,4.0,62.0,J.HORCAJADA,RIASBAIXAS,R.LOPEZ,3,GRAN HIPODROMO DE ANDALUCIA JAVIER PIÑAR HAFNER,2100,HIERBA,21
4_02-12-2012,BLACKBERRY BOY (IRE),5,8.0,61.0,SR.BENITEZ.D,SUNSHINERACING,P.HALEY,5,GRAN HIPODROMO DE ANDALUCIA JAVIER PIÑAR HAFNER,2100,HIERBA,14
4_02-12-2012,LONGUEIRON,11,3.0,54.0,A.GOMEZ,PEREIRASAT,J.C.LOPERA,4,GRAN HIPODROMO DE ANDALUCIA JAVIER PIÑAR HAFNER,2100,HIERBA,6
4_02-12-2012,GIMENA,10,3.0,58.0,J.GROSJEAN,REZAPAZOOKI,F.RODRIGUEZ,10,GRAN HIPODROMO DE ANDALUCIA JAVIER PIÑAR HAFNER,2100,HIERBA,9
4_02-12-2012,BARAÑAIN,1,3.0,54.0,J.L.MARTINEZ,DOSANGELES,D.DIEZ,8,GRAN HIPODROMO DE ANDALUCIA JAVIER PIÑAR HAFNER,2100,HIERBA,13
4_02-12-2012,CHIRIVITO (FR),7,4.0,58.0,SRTA.CASADO.M,UNIVERSALMERCHAN,J.LOPEZ,1,GRAN HIPODROMO DE ANDALUCIA JAVIER PIÑAR HAFNER,2100,HIERBA,9
4_02-12-2012,PENDENCIERO (USA),9,5.0,57.0,R.H.HUAYAS,LAPAZ,J.A.RODRIGUEZ,11,GRAN HIPODROMO DE ANDALUCIA JAVIER PIÑAR HAFNER,2100,HIERBA,26
4_02-12-2012,LIBRETRASTO,4,4.0,59.0,SR.SARABIA.D.A,RIOCUBASSL,D.SARABIA,9,GRAN HIPODROMO DE ANDALUCIA JAVIER PIÑAR HAFNER,2100,HIERBA,16
4_02-12-2012,DELLA BEND (FR),8,4.0,56.0,F.JIMENEZ,JIMENA,B.RAMA,2,GRAN HIPODROMO DE ANDALUCIA JAVIER PIÑAR HAFNER,2100,HIERBA,16
4_02-12-2012,INDIAN LOU,6,5.0,57.0,J.L.BORREGO,BARREIROS,J.C.ROSELL,6,GRAN HIPODROMO DE ANDALUCIA JAVIER PIÑAR HAFNER,2100,HIERBA,16
4_02-12-2012,SUKARRIETA,2,3.0,57.0,V.JANACEK,SANMAMES,G.ARIZKORRETA,12,GRAN HIPODROMO DE ANDALUCIA JAVIER PIÑAR HAFNER,2100,HIERBA,8
4_05-01-2014,ALHAPRINCE (IRE),7,10.0,55.0,M.GOMES,GUAYCURU,K.NIKANEN,9,GRAN HIPODROMO DE ANDALUCIA JAVIER PIÑAR HAFNER,1400,HIERBA,12
4_05-01-2014,JUAN DANIEL,2,5.0,56.0,R.SOUSA,JEREZANA,J.CALDERON,2,GRAN HIPODROMO DE ANDALUCIA JAVIER PIÑAR HAFNER,1400,HIERBA,26
4_05-01-2014,FELIPE EL HERMOSO (FR),10,6.0,62.0,SR.SARABIA.D,RIOCUBASSL,O.ANAYA,12,GRAN HIPODROMO DE ANDALUCIA JAVIER PIÑAR HAFNER,1400,HIERBA,6
4_05-01-2014,MICKEY (GER),9,4.0,57.0,J.E.JARCOVSKY,HABIT,J.C.FERNANDEZ,10,GRAN HIPODROMO DE ANDALUCIA JAVIER PIÑAR HAFNER,1400,HIERBA,9
4_05-01-2014,SOL DYHIM,1,4.0,58.0,J.L.MARTINEZ,MANOLA,B.VALENTI,5,GRAN HIPODROMO DE ANDALUCIA JAVIER PIÑAR HAFNER,1400,HIERBA,5
4_05-01-2014,CAÑADIO (IRE),4,7.0,56.0,O.O.URBINA,HISPANICA,J.C.FERNANDEZ,4,GRAN HIPODROMO DE ANDALUCIA JAVIER PIÑAR HAFNER,1400,HIERBA,30
4_05-01-2014,RUBENS,6,9.0,59.0,R.RAMOS,YCORTIÑAL,J.A.RODRIGUEZ,3,GRAN HIPODROMO DE ANDALUCIA JAVIER PIÑAR HAFNER,1400,HIERBA,14
4_05-01-2014,IDEM,11,4.0,54.0,M.A.NARVAEZ,TALISMAN,J.A.RODRIGUEZ,8,GRAN HIPODROMO DE ANDALUCIA JAVIER PIÑAR HAFNER,1400,HIERBA,7
4_05-01-2014,SYRILLUS (IRE),3,8.0,54.0,SRTA.GELABERT.L,MAIAALFE,C.VIDINHA,1,GRAN HIPODROMO DE ANDALUCIA JAVIER PIÑAR HAFNER,1400,HIERBA,6
4_05-01-2014,NOT SO BRIGHT (USA),8,6.0,53.0,SR.GELABERT.J,CASTILLODECHARETA,F.ALVARADO,7,GRAN HIPODROMO DE ANDALUCIA JAVIER PIÑAR HAFNER,1400,HIERBA,8
4_05-01-2014,EL AFRICANO,5,7.0,55.0,J.HORCAJADA,LASAGUILAS,E.IVANOVA,6,GRAN HIPODROMO DE ANDALUCIA JAVIER PIÑAR HAFNER,1400,HIERBA,41
4_07-08-2014,EBEON,1,3.0,61.5,J.GELABERT,NANINA,T.CALLEJO.S,9,HIPODROMO LA ZARZUELA,1800,ARENA-FIBRA,19
4_07-08-2014,LUNA BRUNA (FR),4,7.0,55.0,R.SOUSA,ALVES,C.ALVES,1,HIPODROMO LA ZARZUELA,1800,ARENA-FIBRA,7
4_07-08-2014,TEQUILA,9,3.0,60.5,M.BORREGO,ZURRAQUIN,M.HERNANDEZ,10,HIPODROMO LA ZARZUELA,1800,ARENA-FIBRA,17
4_07-08-2014,VALLARTA,3,5.0,53.0,J.L.BORREGO,CENTRO,M.A.MARIN,3,HIPODROMO LA ZARZUELA,1800,ARENA-FIBRA,19
4_07-08-2014,MILIKI (GB),2,3.0,60.5,V.JANACEK,POPULAR,G.ARIZKORRETA,5,HIPODROMO LA ZARZUELA,1800,ARENA-FIBRA,23
4_07-08-2014,CIUDADANO KANE,5,4.0,54.0,M.SECCI,YAHORAQUE,A.GUTIERREZ,2,HIPODROMO LA ZARZUELA,1800,ARENA-FIBRA,24
4_07-08-2014,AHORA NO (GB),7,5.0,62.0,O.O.URBINA,JM,A.CARRASCO,6,HIPODROMO LA ZARZUELA,1800,ARENA-FIBRA,14
4_07-08-2014,OLIVENZA,6,3.0,59.5,J.CROCQUEVIEILLE,ACASIÑA,J.A.RODRIGUEZ,4,HIPODROMO LA ZARZUELA,1800,ARENA-FIBRA,9
4_07-08-2014,SANTUZZO,8,4.0,61.0,E.ARGUINZONES,CALVENTECHECA,J.A.RODRIGUEZ,7,HIPODROMO LA ZARZUELA,1800,ARENA-FIBRA,13
4_09-03-2014,SHUMOOKH (IRE),7,11.0,58.0,J.GELABERT,CDECIBELES,J.C.CERQUEIRA,6,HIPODROMO LA ZARZUELA,1600,HIERBA,11
4_09-03-2014,MAKAAMEN (GB),8,8.0,53.0,V.SANCHEZ,GREILET,A.SANCHEZ.C,9,HIPODROMO LA ZARZUELA,1600,HIERBA,37
4_09-03-2014,CAPEARTH (IRE),1,4.0,56.0,B.FAYOS,YLALLANA,E.PUENTE,5,HIPODROMO LA ZARZUELA,1600,HIERBA,15
4_09-03-2014,STEELER,5,5.0,52.0,M.GOMES,KAELA,R.MARTIN.V,1,HIPODROMO LA ZARZUELA,1600,HIERBA,8
4_09-03-2014,ROBERTTINO STAR,3,4.0,53.0,J.L.MARTINEZ,MAGAÑA,J.C.FERNANDEZ,7,HIPODROMO LA ZARZUELA,1600,HIERBA,13
4_09-03-2014,JOKAN (FR),9,5.0,60.0,R.SOUSA,FRANCISCOSANTOS,J.C.CERQUEIRA,10,HIPODROMO LA ZARZUELA,1600,HIERBA,11
4_09-03-2014,DROMEOS (GB),2,4.0,54.0,J.CROCQUEVIEILLE,AMIGOSDELMOYATE,T.CALLEJO.S,3,HIPODROMO LA ZARZUELA,1600,HIERBA,6
4_09-03-2014,DON FERNANDO HAB,4,6.0,58.0,O.O.URBINA,VADILLO,A.CARRASCO,8,HIPODROMO LA ZARZUELA,1600,HIERBA,16
4_09-03-2014,SUPER COCO,6,4.0,57.0,A.GOMEZ,ODISEA,I.GOMEZ,2,HIPODROMO LA ZARZUELA,1600,HIERBA,6
4_10-08-2012,EXPATBET (GB),10,3.0,55.0,G.CARTER,BETVICTOR,P.HALEY,6,HIPODROMO COSTA DEL SOL,2100,ARENA,7
4_10-08-2012,LODOSA,3,4.0,55.0,E.MELIAN,CIELODEMADRID,O.RODRIGUEZ,8,HIPODROMO COSTA DEL SOL,2100,ARENA,15
4_10-08-2012,DELLA BEND (FR),4,4.0,58.0,V.JANACEK,JIMENA,B.RAMA,2,HIPODROMO COSTA DEL SOL,2100,ARENA,16
4_10-08-2012,LIBRETRASTO,5,4.0,62.0,SR.SARABIA.D,RIOCUBASSL,D.SARABIA,3,HIPODROMO COSTA DEL SOL,2100,ARENA,16
4_10-08-2012,VODKA LEMON (GB),6,4.0,62.0,R.H.HUAYAS,MADELAINE,R.HUAYAS,9,HIPODROMO COSTA DEL SOL,2100,ARENA,17
4_10-08-2012,NOT SO BRIGHT (USA),9,4.0,56.0,F.ALVARADO,CASTILLODECHARETA,B.RAMA,5,HIPODROMO COSTA DEL SOL,2100,ARENA,8
4_10-08-2012,COSIDE (USA),1,4.0,59.0,J.GROSJEAN,SAFSAF,M.DELCHER.S,11,HIPODROMO COSTA DEL SOL,2100,ARENA,21
4_10-08-2012,LISSELAN GRACE (IRE),8,5.0,55.0,S.MARTIN,LISSELANFARMS,A.R.ACOSTA,1,HIPODROMO COSTA DEL SOL,2100,ARENA,8
4_10-08-2012,ALFRED,7,6.0,56.0,F.JIMENEZ.A,CIELODEMADRID,O.RODRIGUEZ,10,HIPODROMO COSTA DEL SOL,2100,ARENA,10
4_10-08-2012,ILUSIONISTA,2,6.0,58.0,I.LOPEZ,ODISEA,B.RAMA,12,HIPODROMO COSTA DEL SOL,2100,ARENA,11
4_11-05-2012,UN MONDE,12,4.0,56.0,J.GROSJEAN,ALISARES,A.SANCHEZ.C,2,HIPODROMO LA ZARZUELA,1800,ARENA-FIBRA,13
4_11-05-2012,SKY BELLE (FR),7,5.0,50.0,M.SECCI,LASAGUILAS,P.R.URBINA,5,HIPODROMO LA ZARZUELA,1800,ARENA-FIBRA,5
4_11-05-2012,MADRUGAR (FR),8,8.0,59.0,E.MELIAN,PADRONESA,J.A.RODRIGUEZ,12,HIPODROMO LA ZARZUELA,1800,ARENA-FIBRA,6
4_11-05-2012,PENDENCIERO (USA),10,5.0,62.0,B.FAYOS,LAPAZ,J.A.RODRIGUEZ,10,HIPODROMO LA ZARZUELA,1800,ARENA-FIBRA,26
4_11-05-2012,VODKA LEMON (GB),2,4.0,56.0,R.HUAYAS,MADELAINE,J.HIDALGO,1,HIPODROMO LA ZARZUELA,1800,ARENA-FIBRA,17
4_11-05-2012,LODOSA,3,4.0,50.0,J.M.SANCHEZ.C,CIELODEMADRID,O.RODRIGUEZ,11,HIPODROMO LA ZARZUELA,1800,ARENA-FIBRA,15
4_11-05-2012,SINAN,6,4.0,56.0,J.HORCAJADA,CARAMBOLA,R.AVIAL,3,HIPODROMO LA ZARZUELA,1800,ARENA-FIBRA,8
4_11-05-2012,INDIAN DRUMS (USA),4,4.0,63.0,SRTA.BUESA.C,EQUHIPO,G.ARIZKORRETA,8,HIPODROMO LA ZARZUELA,1800,ARENA-FIBRA,7
4_11-05-2012,MALKOVA (FR),11,4.0,51.0,I.KOPLIKOVA,YUDAKOVA,J.A.RODRIGUEZ,7,HIPODROMO LA ZARZUELA,1800,ARENA-FIBRA,9
4_11-05-2012,ESQUIO,1,5.0,62.0,V.JANACEK,PEREIRASAT,J.C.LOPERA,4,HIPODROMO LA ZARZUELA,1800,ARENA-FIBRA,12
4_11-05-2012,NESKA (GB),9,4.0,59.0,F.JIMENEZ,GONZALOHERNANDOABOIN,A.CARRASCO,9,HIPODROMO LA ZARZUELA,1800,ARENA-FIBRA,14
4_11-05-2012,COVELO,5,7.0,53.0,A.GOMEZ,PEREIRASAT,J.C.LOPERA,6,HIPODROMO LA ZARZUELA,1800,ARENA-FIBRA,13
4_11-08-2016,SUEVO,1,4.0,56.5,J.L.MARTINEZ,TIZIANO,J.L.MAROTO,4,HIPODROMO LA ZARZUELA,1800,ARENA-FIBRA,8
4_11-08-2016,DUBAI SPRING (USA),8,7.0,61.5,SRTA.BUESA.C,ZEZINHO,J.C.CERQUEIRA,12,HIPODROMO LA ZARZUELA,1800,ARENA-FIBRA,16
4_11-08-2016,MUNGAMIS (GB),5,5.0,58.5,B.FAYOS,JIMENA,B.RAMA,7,HIPODROMO LA ZARZUELA,1800,ARENA-FIBRA,17
4_11-08-2016,KIRILOVICH,6,6.0,62.0,V.JANACEK,KAELA,R.MARTIN.V,3,HIPODROMO LA ZARZUELA,1800,ARENA-FIBRA,26
4_11-08-2016,PETROSIAN,4,4.0,55.5,R.SOUSA,COMANSI,C.FERNANDEZ,2,HIPODROMO LA ZARZUELA,1800,ARENA-FIBRA,13
4_11-08-2016,EBEON,2,5.0,56.5,J.GELABERT,NANINA,J.CALDERON,1,HIPODROMO LA ZARZUELA,1800,ARENA-FIBRA,19
4_11-08-2016,ARGALY,10,10.0,56.5,E.ARGUINZONES,RHO,R.HUAYAS,8,HIPODROMO LA ZARZUELA,1800,ARENA-FIBRA,42
4_11-08-2016,SKY BLUE,9,4.0,52.5,A.GOMEZ,JOVEM,D.TEXEIRA,9,HIPODROMO LA ZARZUELA,1800,ARENA-FIBRA,7
4_11-08-2016,ZULOAGA,3,5.0,55.5,G.MADERO,KAELA,R.MARTIN.V,6,HIPODROMO LA ZARZUELA,1800,ARENA-FIBRA,19
4_11-08-2016,GETARE (FR),11,6.0,53.5,N.DE.JULIAN,JOVEM,D.TEXEIRA,5,HIPODROMO LA ZARZUELA,1800,ARENA-FIBRA,5
4_11-08-2016,VICARAGE (IRE),12,4.0,57.5,J.CASTAÑO,LASAGUILAS,T.CALLEJO.M,10,HIPODROMO LA ZARZUELA,1800,ARENA-FIBRA,14
4_11-08-2016,MITRA,7,6.0,56.0,M.GOMES,MAGICA,M.AUGELLI,11,HIPODROMO LA ZARZUELA,1800,ARENA-FIBRA,15
4_12-01-2014,RAMALLAH,2,6.0,55.0,J.GELABERT,AREVACOS,B.GELABERT,7,GRAN HIPODROMO DE ANDALUCIA JAVIER PIÑAR HAFNER,2100,HIERBA,18
4_12-01-2014,INDIAN LOU,3,7.0,61.0,J.CROCQUEVIEILLE,BARREIROS,J.C.ROSELL,9,GRAN HIPODROMO DE ANDALUCIA JAVIER PIÑAR HAFNER,2100,HIERBA,16
4_12-01-2014,RIDGE CITY (IRE),9,7.0,58.0,J.E.JARCOVSKY,LABERINTO,G.GOMEZ,8,GRAN HIPODROMO DE ANDALUCIA JAVIER PIÑAR HAFNER,2100,HIERBA,5
4_12-01-2014,THE BELONGER (USA),11,7.0,59.0,M.GOMES,GUAYCURU,K.NIKANEN,12,GRAN HIPODROMO DE ANDALUCIA JAVIER PIÑAR HAFNER,2100,HIERBA,7
4_12-01-2014,GIGGOLO STAR,8,5.0,61.0,J.HORCAJADA,MAGAÑA,J.C.FERNANDEZ,5,GRAN HIPODROMO DE ANDALUCIA JAVIER PIÑAR HAFNER,2100,HIERBA,21
4_12-01-2014,HONG KONG BOY (FR),10,8.0,58.0,M.A.NARVAEZ,MAIAALFE,C.VIDINHA,11,GRAN HIPODROMO DE ANDALUCIA JAVIER PIÑAR HAFNER,2100,HIERBA,7
4_12-01-2014,ARTESA (GB),5,4.0,61.0,V.JANACEK,KARIKATO,M.AUGELLI,10,GRAN HIPODROMO DE ANDALUCIA JAVIER PIÑAR HAFNER,2100,HIERBA,14
4_12-01-2014,DUBROVNIK,4,4.0,62.0,B.FAYOS,YLASCUEVAS,J.CALDERON,4,GRAN HIPODROMO DE ANDALUCIA JAVIER PIÑAR HAFNER,2100,HIERBA,26
4_12-01-2014,AHORA NO (GB),6,5.0,55.0,R.SOUSA,FORMENTOR,M.ALVAREZ,1,GRAN HIPODROMO DE ANDALUCIA JAVIER PIÑAR HAFNER,2100,HIERBA,14
4_12-01-2014,PARIPE (GB),1,4.0,60.0,J.L.MARTINEZ,AFRICA,M.ALVAREZ,3,GRAN HIPODROMO DE ANDALUCIA JAVIER PIÑAR HAFNER,2100,HIERBA,5
4_12-01-2014,PENDENCIERO (USA),7,7.0,60.0,SR.DE.JULIAN.N,LAPAZ,J.A.RODRIGUEZ,6,GRAN HIPODROMO DE ANDALUCIA JAVIER PIÑAR HAFNER,2100,HIERBA,26
4_16-03-2014,SIR ALFIL,3,5.0,65.0,SR.DE.JULIAN.N,AJEDREZRACING,J.J.CHAVARRIAS,6,HIPODROMO LA ZARZUELA,2000,HIERBA,12
4_16-03-2014,LIBRETRASTO,8,6.0,71.0,SR.FONT.M.A,VALLEDEANLEO,E.PUENTE,1,HIPODROMO LA ZARZUELA,2000,HIERBA,16
4_16-03-2014,GIGGOLO STAR,1,5.0,69.0,SR.CARMENA.M,MAGAÑA,J.C.FERNANDEZ,4,HIPODROMO LA ZARZUELA,2000,HIERBA,21
4_16-03-2014,SHE RULES (FR),2,5.0,68.0,SRTA.BUESA.C,CLUB38,F.RODRIGUEZ,8,HIPODROMO LA ZARZUELA,2000,HIERBA,12
4_16-03-2014,NOVGOROD (GB),6,4.0,67.0,SR.ESCARIO.J.I,ODISEA,A.CARRASCO,3,HIPODROMO LA ZARZUELA,2000,HIERBA,10
4_16-03-2014,SARO (IRE),4,5.0,66.0,SR.AGUILERA.R,ELSABLE,E.PUENTE,2,HIPODROMO LA ZARZUELA,2000,HIERBA,5
4_16-03-2014,CUENTISTA,7,5.0,68.0,SRTA.GELABERT.L,ODISEA,I.GOMEZ,10,HIPODROMO LA ZARZUELA,2000,HIERBA,21
4_16-03-2014,LITERARIO,5,6.0,69.0,SRTA.GALVEZ.G,TORVISCAL,E.IVANOVA,9,HIPODROMO LA ZARZUELA,2000,HIERBA,11
4_17-01-2016,DION CASIO,8,4.0,54.5,B.FAYOS,CEJUELA,J.J.CHAVARRIAS,10,GRAN HIPODROMO DE ANDALUCIA JAVIER PIÑAR HAFNER,1800,HIERBA,5
4_17-01-2016,AL TROPICAL,1,6.0,62.0,R.SOUSA,PALOMARES,J.A.RODRIGUEZ,6,GRAN HIPODROMO DE ANDALUCIA JAVIER PIÑAR HAFNER,1800,HIERBA,14
4_17-01-2016,STEEVO (IRE),6,4.0,55.5,M.GOMES,QUINTASANTAJUSTAMAIA,C.VIDINHA,9,GRAN HIPODROMO DE ANDALUCIA JAVIER PIÑAR HAFNER,1800,HIERBA,6
4_17-01-2016,WRAMS PANDORA (SWE),10,6.0,51.0,SRTA.MORENO.O,LASCADENAS,I.LOPEZ,4,GRAN HIPODROMO DE ANDALUCIA JAVIER PIÑAR HAFNER,1800,HIERBA,6
4_17-01-2016,DEL COSSA (FR),4,8.0,59.0,V.JANACEK,LASCADENAS,I.LOPEZ,5,GRAN HIPODROMO DE ANDALUCIA JAVIER PIÑAR HAFNER,1800,HIERBA,16
4_17-01-2016,BORYSTHENE (FR),7,8.0,51.0,C.A.LOAIZA,RESTAURANTEJASMIN,H.PEREIRA,3,GRAN HIPODROMO DE ANDALUCIA JAVIER PIÑAR HAFNER,1800,HIERBA,19
4_17-01-2016,ARGALY,5,10.0,55.5,J.GELABERT,RHO,R.HUAYAS,7,GRAN HIPODROMO DE ANDALUCIA JAVIER PIÑAR HAFNER,1800,HIERBA,42
4_17-01-2016,JAROCHO,3,4.0,58.0,J.L.MARTINEZ,ALISARES,F.PEREZ,8,GRAN HIPODROMO DE ANDALUCIA JAVIER PIÑAR HAFNER,1800,HIERBA,19
4_17-01-2016,HAIL PROMENADER (IRE),2,10.0,56.0,A.J.GRATEROL,LASAGUILAS,T.CALLEJO,1,GRAN HIPODROMO DE ANDALUCIA JAVIER PIÑAR HAFNER,1800,HIERBA,6
4_17-01-2016,MAGIC POMMIER (GB),9,6.0,55.0,A.GOMEZ,PUENTEDEY,I.LOPEZ,2,GRAN HIPODROMO DE ANDALUCIA JAVIER PIÑAR HAFNER,1800,HIERBA,12
4_18-12-2016,MILL VALLEY (IRE),5,3.0,52.5,J.GELABERT,JEREZANA,J.CALDERON,5,GRAN HIPODROMO DE ANDALUCIA JAVIER PIÑAR HAFNER,1600,HIERBA,8
4_18-12-2016,KIRIKO (IRE),11,5.0,52.5,A.GUTIERREZ.B,AMAZIGH,I.LOPEZ,10,GRAN HIPODROMO DE ANDALUCIA JAVIER PIÑAR HAFNER,1600,HIERBA,5
4_18-12-2016,PANISIDE,6,7.0,53.0,E.J.ARGUINZONES,INDIA,F.RODRIGUEZ,1,GRAN HIPODROMO DE ANDALUCIA JAVIER PIÑAR HAFNER,1600,HIERBA,28
4_18-12-2016,DANIELA,1,3.0,53.5,M.GOMES,REZAPAZOOKI,F.RODRIGUEZ,3,GRAN HIPODROMO DE ANDALUCIA JAVIER PIÑAR HAFNER,1600,HIERBA,7
4_18-12-2016,FARAMOND,10,4.0,56.0,C.A.LOAIZA,NANINA,J.CALDERON,7,GRAN HIPODROMO DE ANDALUCIA JAVIER PIÑAR HAFNER,1600,HIERBA,9
4_18-12-2016,WAD VISON,2,6.0,66.0,B.FAYOS,PALOMARES,J.A.RODRIGUEZ,12,GRAN HIPODROMO DE ANDALUCIA JAVIER PIÑAR HAFNER,1600,HIERBA,20
4_18-12-2016,SANTA HELENA (FR),7,4.0,51.0,J.L.MARTINEZ,JEPE,M.ALVAREZ,4,GRAN HIPODROMO DE ANDALUCIA JAVIER PIÑAR HAFNER,1600,HIERBA,12
4_18-12-2016,PERUVIAN QUEEN,9,3.0,52.5,SRTA.GELABERT.L,SIEMPREFANI,T.MARTINS,11,GRAN HIPODROMO DE ANDALUCIA JAVIER PIÑAR HAFNER,1600,HIERBA,5
4_18-12-2016,JOAQUINA,8,6.0,55.0,R.SOUSA,INDIA,F.RODRIGUEZ,9,GRAN HIPODROMO DE ANDALUCIA JAVIER PIÑAR HAFNER,1600,HIERBA,13
4_18-12-2016,DAGOBERTO,4,6.0,66.0,V.JANACEK,NANINA,J.CALDERON,8,GRAN HIPODROMO DE ANDALUCIA JAVIER PIÑAR HAFNER,1600,HIERBA,23
4_18-12-2016,JAROCHO,3,4.0,52.0,A.GOMEZ,KILLOTURF,F.PEREZ,6,GRAN HIPODROMO DE ANDALUCIA JAVIER PIÑAR HAFNER,1600,HIERBA,19
4_20-11-2016,PRINCESA CANARIA (GB),6,3.0,60.0,E.REVOLTE,AJEDREZRACING,B.RAMA,10,HIPODROMO LA ZARZUELA,1600,HIERBA,7
4_20-11-2016,BARONESA VOLADORA,8,5.0,55.0,E.ARGUINZONES,ODISEA,A.CARRASCO,11,HIPODROMO LA ZARZUELA,1600,HIERBA,18
4_20-11-2016,IBAI (IRE),3,3.0,58.5,B.FAYOS,TOLOSANA,J.L.MAROTO,8,HIPODROMO LA ZARZUELA,1600,HIERBA,7
4_20-11-2016,JOAQUINA,9,6.0,56.0,J.L.MARTINEZ,INDIA,F.RODRIGUEZ,7,HIPODROMO LA ZARZUELA,1600,HIERBA,13
4_20-11-2016,DESENMASCARADO,7,4.0,60.0,R.HUAYAS,CDECIBELES,J.C.CERQUEIRA,5,HIPODROMO LA ZARZUELA,1600,HIERBA,9
4_20-11-2016,ARNULFO,4,4.0,56.5,V.JANACEK,YROCIO,G.ARIZKORRETA,9,HIPODROMO LA ZARZUELA,1600,HIERBA,12
4_20-11-2016,DANIELA,5,3.0,54.0,M.GOMES,REZAPAZOOKI,F.RODRIGUEZ,4,HIPODROMO LA ZARZUELA,1600,HIERBA,7
4_20-11-2016,PIQUIO (FR),2,4.0,64.0,SR.PINEDA.G,HISPANICA,O.ANAYA,6,HIPODROMO LA ZARZUELA,1600,HIERBA,11
4_20-11-2016,PANISIDE,10,7.0,53.0,J.GELABERT,INDIA,F.RODRIGUEZ,2,HIPODROMO LA ZARZUELA,1600,HIERBA,28
4_20-11-2016,SUEVO,11,4.0,57.5,J.L.BORREGO,TIZIANO,J.L.MAROTO,1,HIPODROMO LA ZARZUELA,1600,HIERBA,8
4_20-11-2016,KUVASZ (FR),1,3.0,58.0,R.SOUSA,SIANKAAN,J.C.CERQUEIRA,3,HIPODROMO LA ZARZUELA,1600,HIERBA,20
4_22-01-2012,ISAMAN (GB),7,5.0,59.0,A.GOMEZ,ESTACIONTURF,I.GOMEZ,5,GRAN HIPODROMO DE ANDALUCIA JAVIER PIÑAR HAFNER,2100,HIERBA,7
4_22-01-2012,GREEN NIGHT (IRE),4,4.0,52.0,M.GOMES,LASAGUILAS,G.VILLARTA,4,GRAN HIPODROMO DE ANDALUCIA JAVIER PIÑAR HAFNER,2100,HIERBA,30
4_22-01-2012,ZENOTZ,9,4.0,55.0,J.GROSJEAN,SAFSAF,F.RODRIGUEZ,9,GRAN HIPODROMO DE ANDALUCIA JAVIER PIÑAR HAFNER,2100,HIERBA,5
4_22-01-2012,ORLOV,1,6.0,61.0,J.C.CERQUEIRA,AGRADO,T.CALLEJO,12,GRAN HIPODROMO DE ANDALUCIA JAVIER PIÑAR HAFNER,2100,HIERBA,10
4_22-01-2012,BOREAS,8,5.0,58.0,J.L.BORREGO,CELSOMENDEZ,M.ALVAREZ,10,GRAN HIPODROMO DE ANDALUCIA JAVIER PIÑAR HAFNER,2100,HIERBA,7
4_22-01-2012,ECO JAR,5,5.0,62.0,M.BORREGO,REZAPAZOOKI,F.RODRIGUEZ,2,GRAN HIPODROMO DE ANDALUCIA JAVIER PIÑAR HAFNER,2100,HIERBA,21
4_22-01-2012,DROP RISK (FR),10,9.0,53.0,E.MELIAN,JOLAM,E.OLGADO,8,GRAN HIPODROMO DE ANDALUCIA JAVIER PIÑAR HAFNER,2100,HIERBA,8
4_22-01-2012,VIREAL (FR),6,4.0,60.0,J.CROCQUEVIEILLE,ALISARES,A.SANCHEZ.C,11,GRAN HIPODROMO DE ANDALUCIA JAVIER PIÑAR HAFNER,2100,HIERBA,8
4_22-01-2012,PERSICUS (GB),2,6.0,65.0,C.FERNANDEZ,HISPANICA,J.C.FERNANDEZ,1,GRAN HIPODROMO DE ANDALUCIA JAVIER PIÑAR HAFNER,2100,HIERBA,12
4_22-01-2012,STRANGE CAT (FR),3,4.0,60.0,V.JANACEK,ALISARES,A.SANCHEZ.C,7,GRAN HIPODROMO DE ANDALUCIA JAVIER PIÑAR HAFNER,2100,HIERBA,6
4_22-01-2012,REY DE LA PLATA,11,5.0,58.0,F.JIMENEZ,ITALICA,M.ALVAREZ,3,GRAN HIPODROMO DE ANDALUCIA JAVIER PIÑAR HAFNER,2100,HIERBA,13
4_22-12-2013,VALIANT BLUE (IRE),4,4.0,62.0,F.JIMENEZ.A,AGRADO,E.BUZON,1,GRAN HIPODROMO DE ANDALUCIA JAVIER PIÑAR HAFNER,1500,HIERBA,13
4_22-12-2013,DUENDECILLO,8,3.0,56.0,A.GOMEZ,ISABEL,I.GOMEZ,2,GRAN HIPODROMO DE ANDALUCIA JAVIER PIÑAR HAFNER,1500,HIERBA,17
4_22-12-2013,IDEM,11,3.0,55.0,M.GOMES,TALISMAN,J.A.RODRIGUEZ,10,GRAN HIPODROMO DE ANDALUCIA JAVIER PIÑAR HAFNER,1500,HIERBA,7
4_22-12-2013,MICKEY (GER),7,3.0,57.0,J.E.JARCOVSKY,HABIT,J.C.FERNANDEZ,6,GRAN HIPODROMO DE ANDALUCIA JAVIER PIÑAR HAFNER,1500,HIERBA,9
4_22-12-2013,ALBUHERA,9,3.0,55.0,M.A.NARVAEZ,CACHARELA,J.A.RODRIGUEZ,4,GRAN HIPODROMO DE ANDALUCIA JAVIER PIÑAR HAFNER,1500,HIERBA,9
4_22-12-2013,JOKAN (FR),6,4.0,60.0,J.HORCAJADA,SALVADORMARQUEZ,B.VALENTI,11,GRAN HIPODROMO DE ANDALUCIA JAVIER PIÑAR HAFNER,1500,HIERBA,11
4_22-12-2013,JUAN DANIEL,3,4.0,55.0,R.SOUSA,JEREZANA,J.CALDERON,8,GRAN HIPODROMO DE ANDALUCIA JAVIER PIÑAR HAFNER,1500,HIERBA,26
4_22-12-2013,ALBRET (IRE),12,4.0,58.0,SR.GORDILLO.M,MGRACING,E.LEON,9,GRAN HIPODROMO DE ANDALUCIA JAVIER PIÑAR HAFNER,1500,HIERBA,9
4_22-12-2013,FELIPE EL HERMOSO (FR),1,5.0,58.0,J.CROCQUEVIEILLE,RIOCUBASSL,O.ANAYA,12,GRAN HIPODROMO DE ANDALUCIA JAVIER PIÑAR HAFNER,1500,HIERBA,6
4_22-12-2013,ALABAMA,2,5.0,57.0,V.JANACEK,MARISOL,J.C.FERNANDEZ,7,GRAN HIPODROMO DE ANDALUCIA JAVIER PIÑAR HAFNER,1500,HIERBA,14
4_22-12-2013,RUBENS,5,8.0,58.0,R.RAMOS,YCORTIÑAL,J.A.RODRIGUEZ,3,GRAN HIPODROMO DE ANDALUCIA JAVIER PIÑAR HAFNER,1500,HIERBA,14
4_22-12-2013,FINLEY CONNOLLY (IRE),10,4.0,60.0,O.O.URBINA,JEPE,M.ALVAREZ,5,GRAN HIPODROMO DE ANDALUCIA JAVIER PIÑAR HAFNER,1500,HIERBA,14
4_23-02-2014,JOKAN (FR),7,5.0,62.0,O.O.URBINA,FRANCISCOSANTOS,J.C.CERQUEIRA,11,HIPODROMO LA ZARZUELA,1800,HIERBA,11
4_23-02-2014,COLLIO SIDE,6,4.0,61.0,M.GOMES,INGUIS,A.CARRASCO,1,HIPODROMO LA ZARZUELA,1800,HIERBA,13
4_23-02-2014,AVON FERRY (GB),3,7.0,53.0,SRTA.GELABERT.L,CIUDADDEARUCAS,F.PEREZ,3,HIPODROMO LA ZARZUELA,1800,HIERBA,9
4_23-02-2014,INDIAN LOU,9,7.0,56.0,J.L.BORREGO,BARREIROS,J.C.ROSELL,6,HIPODROMO LA ZARZUELA,1800,HIERBA,16
4_23-02-2014,AGUSTINA (GB),8,4.0,56.0,J.CROCQUEVIEILLE,PAGANINI,T.CALLEJO.S,8,HIPODROMO LA ZARZUELA,1800,HIERBA,7
4_23-02-2014,JEVENESE ONE (FR),5,4.0,57.0,J.B.HAMEL,SALVADORMARQUEZ,B.VALENTI,4,HIPODROMO LA ZARZUELA,1800,HIERBA,7
4_23-02-2014,GIGGOLO STAR,2,5.0,54.0,V.JANACEK,MAGAÑA,J.C.FERNANDEZ,7,HIPODROMO LA ZARZUELA,1800,HIERBA,21
4_23-02-2014,RANYAN,1,5.0,61.0,B.FAYOS,AGRADO,E.BUZON,10,HIPODROMO LA ZARZUELA,1800,HIERBA,17
4_23-02-2014,NOTARIO (GB),4,4.0,54.0,M.A.NARVAEZ,CELSOMENDEZ,T.CALLEJO.S,5,HIPODROMO LA ZARZUELA,1800,HIERBA,8
4_23-02-2014,ARSALAN (GB),11,5.0,56.0,J.L.MARTINEZ,REZAPAZOOKI,F.RODRIGUEZ,12,HIPODROMO LA ZARZUELA,1800,HIERBA,13
4_23-02-2014,SHE RULES (FR),12,5.0,55.0,G.MADERO,CLUB38,F.RODRIGUEZ,2,HIPODROMO LA ZARZUELA,1800,HIERBA,12
4_23-02-2014,NOVGOROD (GB),10,4.0,54.0,A.GOMEZ,ODISEA,A.CARRASCO,9,HIPODROMO LA ZARZUELA,1800,HIERBA,10
4_23-11-2014,MICKEY (GER),6,4.0,57.0,M.GOMES,TADI,D.DIEZ,9,HIPODROMO LA ZARZUELA,1500,HIERBA,9
4_23-11-2014,KUAI,3,3.0,60.5,V.JANACEK,MIRASIERRA,G.ARIZKORRETA,5,HIPODROMO LA ZARZUELA,1500,HIERBA,14
4_23-11-2014,TOP RAG (GB),5,4.0,57.0,B.FAYOS,REZAPAZOOKI,F.RODRIGUEZ,8,HIPODROMO LA ZARZUELA,1500,HIERBA,8
4_23-11-2014,ACAMANTE (GB),2,4.0,62.0,J.CROCQUEVIEILLE,DUQUEDEALBURQUERQUE,J.M.OSORIO,7,HIPODROMO LA ZARZUELA,1500,HIERBA,13
4_23-11-2014,PANISIDE,7,5.0,57.0,G.MADERO,INDIA,F.RODRIGUEZ,11,HIPODROMO LA ZARZUELA,1500,HIERBA,28
4_23-11-2014,FACE TO FACE,8,4.0,58.0,E.ARGUINZONES,SANMAMES,F.RODRIGUEZ,1,HIPODROMO LA ZARZUELA,1500,HIERBA,7
4_23-11-2014,PROUD SIDE,4,4.0,61.0,J.L.MARTINEZ,DIBENISICHI,F.RODRIGUEZ,2,HIPODROMO LA ZARZUELA,1500,HIERBA,5
4_23-11-2014,MAYO,9,4.0,57.0,M.A.NARVAEZ,GRAFIMAR,M.A.MARIN,10,HIPODROMO LA ZARZUELA,1500,HIERBA,20
4_23-11-2014,WAD VISON,1,4.0,62.0,J.L.BORREGO,ALTAMIRA,J.A.RODRIGUEZ,3,HIPODROMO LA ZARZUELA,1500,HIERBA,20
4_28-07-2012,HERRI IRRATIA,10,4.0,58.0,D.DELGADO,ADRIANA,B.RAMA,8,HIPODROMO COSTA DEL SOL,1600,ARENA,5
4_28-07-2012,RISBY (IRE),2,4.0,59.5,J.E.JARCOVSKY,VIGURIA,J.M.OSORIO,3,HIPODROMO COSTA DEL SOL,1600,ARENA,23
4_28-07-2012,CAMURAY,8,7.0,59.5,J.GROSJEAN,YCORTIÑAL,J.A.RODRIGUEZ,2,HIPODROMO COSTA DEL SOL,1600,ARENA,17
4_28-07-2012,TAFADHALI,6,4.0,58.0,F.JIMENEZ.A,LAJORQUIN,J.LOPEZ,7,HIPODROMO COSTA DEL SOL,1600,ARENA,36
4_28-07-2012,TAGOMAGO,1,5.0,59.5,V.JANACEK,IBIZA,G.ARIZKORRETA,6,HIPODROMO COSTA DEL SOL,1600,ARENA,12
4_28-07-2012,VICTOR'S BET,7,3.0,56.0,G.CARTER,BETVICTOR,P.HALEY,10,HIPODROMO COSTA DEL SOL,1600,ARENA,12
4_28-07-2012,RUBENS,3,7.0,59.5,J.L.MARTINEZ,YCORTIÑAL,J.C.FERNANDEZ,5,HIPODROMO COSTA DEL SOL,1600,ARENA,14
4_28-07-2012,MONTEAGUDO EBRO (IRE),5,4.0,59.5,O.O.URBINA,NANINA,J.CALDERON,4,HIPODROMO COSTA DEL SOL,1600,ARENA,9
4_28-07-2012,MIL AZUL,4,4.0,59.5,J.L.BORREGO,YURDIÑORIYA,J.L.DESALAS,1,HIPODROMO COSTA DEL SOL,1600,ARENA,15
4_28-07-2012,CORCUBION,9,7.0,59.5,A.GOMEZ,PEREIRASAT,J.C.LOPERA,9,HIPODROMO COSTA DEL SOL,1600,ARENA,22
4_3-09-2016,ARGALY,7,10.0,58.5,E.J.ARGUINZONES,RHO,R.HUAYAS,4,HIPODROMO DE SAN SEBASTIAN,2200,HIERBA,42
4_3-09-2016,MUNGAMIS (GB),10,5.0,61.0,B.FAYOS,JIMENA,B.RAMA,6,HIPODROMO DE SAN SEBASTIAN,2200,HIERBA,17
4_3-09-2016,WATERVILLE (FR),2,5.0,54.5,J.L.MARTINEZ,STANDCARMO,L.A.OLIVEIRA,3,HIPODROMO DE SAN SEBASTIAN,2200,HIERBA,7
4_3-09-2016,KAMGO,4,7.0,55.0,R.C.MONTENEGRO,ELAVILES,D.DELBARRIO,9,HIPODROMO DE SAN SEBASTIAN,2200,HIERBA,6
4_3-09-2016,EBEON,5,5.0,60.0,R.SOUSA,NANINA,J.CALDERON,8,HIPODROMO DE SAN SEBASTIAN,2200,HIERBA,19
4_3-09-2016,QUIMERA (GB),8,4.0,62.0,J.GELABERT,FORMENTOR,G.ARIZKORRETA,11,HIPODROMO DE SAN SEBASTIAN,2200,HIERBA,10
4_3-09-2016,DALAN REY (IRE),3,5.0,53.5,F.MARTINEZ,LUCHANA,I.LOPEZ,2,HIPODROMO DE SAN SEBASTIAN,2200,HIERBA,15
4_3-09-2016,WHISTLEINTHEWIND (IRE),11,9.0,60.5,C.A.LOAIZA,NANINA,J.CALDERON,10,HIPODROMO DE SAN SEBASTIAN,2200,HIERBA,13
4_3-09-2016,LEY DE LEYES (FR),9,8.0,53.5,SRTA.PEREZ.C,ELSABLE,E.PUENTE,7,HIPODROMO DE SAN SEBASTIAN,2200,HIERBA,15
4_3-09-2016,ARTESA (GB),6,6.0,58.0,M.GOMES,KARIKATO,M.AUGELLI,1,HIPODROMO DE SAN SEBASTIAN,2200,HIERBA,14
4_3-09-2016,MAIAR,1,4.0,58.5,V.JANACEK,MIRANDASL,C.DELCHER,5,HIPODROMO DE SAN SEBASTIAN,2200,HIERBA,8
4_30-03-2014,JARTUM (FR),2,4.0,61.0,E.ARGUINZONES,TARTUFO,J.C.CERQUEIRA,10,HIPODROMO LA ZARZUELA,1800,HIERBA,8
4_30-03-2014,CIRIACO,5,4.0,63.0,V.JANACEK,USSIAFIGUEROA,G.ARIZKORRETA,4,HIPODROMO LA ZARZUELA,1800,HIERBA,17
4_30-03-2014,DIEGUITO RIVERA (FR),8,4.0,50.0,J.GELABERT,RACINGPARDO,J.J.CHAVARRIAS,5,HIPODROMO LA ZARZUELA,1800,HIERBA,7
4_30-03-2014,NOVGOROD (GB),1,4.0,53.0,J.L.BORREGO,ODISEA,A.CARRASCO,7,HIPODROMO LA ZARZUELA,1800,HIERBA,10
4_30-03-2014,SIR PEPO,7,4.0,51.0,SRTA.GELABERT.L,SOÑADOR,J.SALGUERO,1,HIPODROMO LA ZARZUELA,1800,HIERBA,14
4_30-03-2014,SIR ALFIL,9,5.0,52.0,M.GOMES,AJEDREZRACING,J.J.CHAVARRIAS,8,HIPODROMO LA ZARZUELA,1800,HIERBA,12
4_30-03-2014,DON FERNANDO HAB,3,6.0,61.0,M.A.NARVAEZ,VADILLO,A.CARRASCO,3,HIPODROMO LA ZARZUELA,1800,HIERBA,16
4_30-03-2014,LINCE (GB),4,7.0,64.0,R.SOUSA,ADELAI,F.RODRIGUEZ,2,HIPODROMO LA ZARZUELA,1800,HIERBA,15
4_30-03-2014,NOTARIO (GB),6,4.0,55.0,J.CROCQUEVIEILLE,CELSOMENDEZ,T.CALLEJO.S,11,HIPODROMO LA ZARZUELA,1800,HIERBA,8
4_30-03-2014,GREEN NIGHT (IRE),10,6.0,50.0,I.JANACKOVA,LASAGUILAS,E.IVANOVA,9,HIPODROMO LA ZARZUELA,1800,HIERBA,30
4_30-10-2016,APOLO,4,4.0,57.5,B.FAYOS,OBERON,J.LOPEZ,9,HIPODROMO LA ZARZUELA,1800,HIERBA,8
4_30-10-2016,KIRILOVICH,2,6.0,58.0,M.GOMES,KAELA,R.MARTIN.V,5,HIPODROMO LA ZARZUELA,1800,HIERBA,26
4_30-10-2016,MILIKI (GB),6,5.0,58.5,J.L.MARTINEZ,BRAVOTANGOZULU,V.B.BUDA,8,HIPODROMO LA ZARZUELA,1800,HIERBA,23
4_30-10-2016,ELMIRA,5,6.0,56.0,D.FERREIRA,SUPERMERCADOCARDOSO,D.TEIXEIRA,4,HIPODROMO LA ZARZUELA,1800,HIERBA,5
4_30-10-2016,MRLUXOR (IRE),8,4.0,58.5,M.A.NARVAEZ,ALTAMIRA,A.NUÑEZ,10,HIPODROMO LA ZARZUELA,1800,HIERBA,6
4_30-10-2016,MIKELTOS (FR),7,6.0,65.0,SR.PINEDA.G,SAYAGO,G.ARIZKORRETA,6,HIPODROMO LA ZARZUELA,1800,HIERBA,10
4_30-10-2016,COGENT (GB),10,3.0,56.0,R.SOUSA,CELSOMENDEZ,T.CALLEJO.S,3,HIPODROMO LA ZARZUELA,1800,HIERBA,9
4_30-10-2016,SATIN CHIC (GB),3,3.0,59.5,SRTA.BUESA.C,ZUL,J.C.CERQUEIRA,11,HIPODROMO LA ZARZUELA,1800,HIERBA,10
4_30-10-2016,PIERREFITEOU,1,5.0,58.0,R.HUAYAS,SAMALASSA,V.B.BUDA,2,HIPODROMO LA ZARZUELA,1800,HIERBA,7
4_30-10-2016,HOOPONOPONO,9,3.0,59.0,J.L.BORREGO,ANNUARACINGSL,J.C.ROSELL,1,HIPODROMO LA ZARZUELA,1800,HIERBA,9
4_30-10-2016,VEGA DE CASTILLA (IRE),12,6.0,57.5,E.ARGUINZONES,TURFGUIMARAES,T.MARTINS,12,HIPODROMO LA ZARZUELA,1800,HIERBA,14
4_30-10-2016,TAFADHALI,11,8.0,54.5,J.GROSJEAN,LAJORQUIN,J.MARTINEZ,7,HIPODROMO LA ZARZUELA,1800,HIERBA,36
4_31-08-2015,STONE ME (FR),11,4.0,52.0,G.MADERO,OMBRA,M.COMAS,4,HIPODROMO DE SAN SEBASTIAN,1600,HIERBA,8
4_31-08-2015,CAPEARTH (IRE),3,5.0,58.0,B.FAYOS,ELSABLE,E.PUENTE,2,HIPODROMO DE SAN SEBASTIAN,1600,HIERBA,15
4_31-08-2015,PIQUIO (FR),7,3.0,55.5,J.L.MARTINEZ,HISPANICA,C.FERNANDEZ,8,HIPODROMO DE SAN SEBASTIAN,1600,HIERBA,11
4_31-08-2015,ARGOS,1,5.0,57.0,J.GROSJEAN,BARREIROS,M.AUGELLI,6,HIPODROMO DE SAN SEBASTIAN,1600,HIERBA,18
4_31-08-2015,BELGE MENCI (GER),5,4.0,52.0,J.GELABERT,MAGICA,M.AUGELLI,3,HIPODROMO DE SAN SEBASTIAN,1600,HIERBA,19
4_31-08-2015,MAYO,4,5.0,58.0,I.BORREGO,GRAFIMAR,M.A.MARIN,7,HIPODROMO DE SAN SEBASTIAN,1600,HIERBA,20
4_31-08-2015,PANACEA (GB),6,8.0,59.0,V.JANACEK,ELSABLE,E.PUENTE,11,HIPODROMO DE SAN SEBASTIAN,1600,HIERBA,13
4_31-08-2015,DUBROVNIK,10,5.0,58.0,N.DE.JULIAN,YLASCUEVAS,J.CALDERON,10,HIPODROMO DE SAN SEBASTIAN,1600,HIERBA,26
4_31-08-2015,RIVENDEL (IRE),9,4.0,55.0,M.GOMES,OMBRA,M.COMAS,12,HIPODROMO DE SAN SEBASTIAN,1600,HIERBA,9
4_31-08-2015,LAUGHING DOVE (IRE),8,4.0,54.0,R.SOUSA,ESPECTACULO,T.J.MARTINS,9,HIPODROMO DE SAN SEBASTIAN,1600,HIERBA,9
4_31-08-2015,GOLDEN DYNASTY,2,4.0,53.0,M.SECCI,EVA,A.IMAZ.B,1,HIPODROMO DE SAN SEBASTIAN,1600,HIERBA,8
5_01-08-2013,SUPERBONI (FR),2,5.0,57.0,SR.LABORDE.P,CRUCEÑA,J.LOPEZ,9,HIPODROMO LA ZARZUELA,1600,ARENA-FIBRA,18
5_01-08-2013,VETONIA (IRE),1,4.0,56.0,R.RAMOS,MADELAINE,B.RECIO,5,HIPODROMO LA ZARZUELA,1600,ARENA-FIBRA,16
5_01-08-2013,CASTELLANA,4,4.0,54.0,J.HORCAJADA,FRANCISCODEJULIAN,J.A.RODRIGUEZ,8,HIPODROMO LA ZARZUELA,1600,ARENA-FIBRA,18
5_01-08-2013,DESEADO,8,4.0,54.0,SR.GELABERT.J,SUREÑA,J.A.RODRIGUEZ,1,HIPODROMO LA ZARZUELA,1600,ARENA-FIBRA,30
5_01-08-2013,HAPPY FEW (GB),10,5.0,62.0,A.GUTIERREZ.D,MADELAINE,J.HIDALGO,7,HIPODROMO LA ZARZUELA,1600,ARENA-FIBRA,17
5_01-08-2013,STEELER,3,4.0,58.0,V.JANACEK,KAELA,R.MARTIN.V,4,HIPODROMO LA ZARZUELA,1600,ARENA-FIBRA,8
5_01-08-2013,VODKA LEMON (GB),7,5.0,59.0,J.E.JARCOVSKY,MADELAINE,J.HIDALGO,6,HIPODROMO LA ZARZUELA,1600,ARENA-FIBRA,17
5_01-08-2013,NOVA FLAG (FR),5,5.0,55.0,M.GOMES,COSTALAVALL,B.RECIO,10,HIPODROMO LA ZARZUELA,1600,ARENA-FIBRA,8
5_01-08-2013,GIGGOLO STAR,6,4.0,60.0,J.L.MARTINEZ,MAGAÑA,J.C.FERNANDEZ,3,HIPODROMO LA ZARZUELA,1600,ARENA-FIBRA,21
5_01-08-2013,GREEN NIGHT (IRE),9,5.0,54.0,M.SECCI,LASAGUILAS,E.IVANOVA,2,HIPODROMO LA ZARZUELA,1600,ARENA-FIBRA,30
5_02-12-2012,EL AFRICANO,7,5.0,57.0,J.L.BORREGO,LASAGUILAS,A.GUTIERREZ,5,GRAN HIPODROMO DE ANDALUCIA JAVIER PIÑAR HAFNER,1400,HIERBA,41
5_02-12-2012,ANGEL MELODY (FR),1,6.0,59.0,SR.SARABIA.D,RIOCUBASSL,D.SARABIA,6,GRAN HIPODROMO DE ANDALUCIA JAVIER PIÑAR HAFNER,1400,HIERBA,12
5_02-12-2012,ALBRET (IRE),8,3.0,57.0,J.L.MARTINEZ,ASOWHYLARVALLADOLID,G.ARIZKORRETA,8,GRAN HIPODROMO DE ANDALUCIA JAVIER PIÑAR HAFNER,1400,HIERBA,9
5_02-12-2012,ALMAZORA (GB),5,3.0,56.5,A.GOMEZ,ELHERROJO,J.M.OSORIO,3,GRAN HIPODROMO DE ANDALUCIA JAVIER PIÑAR HAFNER,1400,HIERBA,7
5_02-12-2012,COMPTON PARK (GB),2,5.0,58.0,V.JANACEK,RACHAELTEASDALERACING,J.L.EYRE,1,GRAN HIPODROMO DE ANDALUCIA JAVIER PIÑAR HAFNER,1400,HIERBA,8
5_02-12-2012,SERGEI (IRE),4,4.0,59.0,R.RAMOS,SUREÑA,J.A.RODRIGUEZ,2,GRAN HIPODROMO DE ANDALUCIA JAVIER PIÑAR HAFNER,1400,HIERBA,14
5_02-12-2012,SAPHIRSIDE (IRE),6,3.0,58.0,J.GROSJEAN,SAFSAF,M.DELCHER.S,4,GRAN HIPODROMO DE ANDALUCIA JAVIER PIÑAR HAFNER,1400,HIERBA,7
5_02-12-2012,CORCUBION,3,7.0,59.0,SR.NARVAEZ.M.A,PEREIRASAT,J.C.LOPERA,7,GRAN HIPODROMO DE ANDALUCIA JAVIER PIÑAR HAFNER,1400,HIERBA,22
5_03-07-2016,SAMSARA,1,7.0,59.0,J.L.MARTINEZ,STANDCARMO,L.A.OLIVEIRA,1,HIPODROMO DE SAN SEBASTIAN,2000,HIERBA,21
5_03-07-2016,ODIN,8,4.0,57.0,B.FAYOS,LOSAMIGOS,I.LOPEZ,6,HIPODROMO DE SAN SEBASTIAN,2000,HIERBA,5
5_03-07-2016,ALFOZ (IRE),7,5.0,60.5,C.CADEL,ROBER,R.AVIAL.S,3,HIPODROMO DE SAN SEBASTIAN,2000,HIERBA,7
5_03-07-2016,JACETANA (FR),6,6.0,51.0,J.GELABERT,ESTRADOS,F.RODRIGUEZ,5,HIPODROMO DE SAN SEBASTIAN,2000,HIERBA,9
5_03-07-2016,LEY DE LEYES (FR),2,8.0,52.0,E.J.ARGUINZONES,ELSABLE,E.PUENTE,4,HIPODROMO DE SAN SEBASTIAN,2000,HIERBA,15
5_03-07-2016,ULICY MAKER (FR),4,8.0,59.0,M.GOMES,QUINTASANTAJUSTAMAIA,C.VIDINHA,9,HIPODROMO DE SAN SEBASTIAN,2000,HIERBA,6
5_03-07-2016,KAMGO,3,7.0,62.0,J.L.BORREGO,ELAVILES,D.DELBARRIO,8,HIPODROMO DE SAN SEBASTIAN,2000,HIERBA,6
5_05-09-2013,VALENCIA,4,3.0,53.5,M.GOMES,LUZERPALHA,T.MARTINS,6,HIPODROMO LA ZARZUELA,1600,ARENA-FIBRA,11
5_05-09-2013,AZABACHE,3,4.0,57.0,O.O.URBINA,LOSTONELES,F.RODRIGUEZ,5,HIPODROMO LA ZARZUELA,1600,ARENA-FIBRA,20
5_05-09-2013,RISBY (IRE),2,5.0,57.0,J.CROCQUEVIEILLE,VIGURIA,J.M.OSORIO,4,HIPODROMO LA ZARZUELA,1600,ARENA-FIBRA,23
5_05-09-2013,STEELER,8,4.0,57.0,M.A.NARVAEZ,KAELA,R.MARTIN.V,3,HIPODROMO LA ZARZUELA,1600,ARENA-FIBRA,8
5_05-09-2013,HAPPY FEW (GB),10,5.0,57.0,R.RAMOS,MADELAINE,J.HIDALGO,7,HIPODROMO LA ZARZUELA,1600,ARENA-FIBRA,17
5_05-09-2013,GIGGOLO STAR,7,4.0,57.0,M.BORREGO,MAGAÑA,J.C.FERNANDEZ,10,HIPODROMO LA ZARZUELA,1600,ARENA-FIBRA,21
5_05-09-2013,RUBENS,6,8.0,57.0,I.BORREGO,YCORTIÑAL,J.A.RODRIGUEZ,2,HIPODROMO LA ZARZUELA,1600,ARENA-FIBRA,14
5_05-09-2013,INDIANO,1,5.0,57.0,V.JANACEK,ELPOTROCLUB,G.ARIZKORRETA,8,HIPODROMO LA ZARZUELA,1600,ARENA-FIBRA,15
5_05-09-2013,MIL AZUL,5,5.0,57.0,J.L.MARTINEZ,YURDIÑORIYA,E.LEON,1,HIPODROMO LA ZARZUELA,1600,ARENA-FIBRA,15
5_05-09-2013,ARGALY,9,7.0,57.0,J.HORCAJADA,MADELAINE,J.HIDALGO,9,HIPODROMO LA ZARZUELA,1600,ARENA-FIBRA,42
5_07-08-2014,GUERAL,2,5.0,61.5,J.CROCQUEVIEILLE,SANANTONIO,J.L.MAROTO,1,HIPODROMO LA ZARZUELA,2300,ARENA-FIBRA,13
5_07-08-2014,DIXLESIO (IRE),3,6.0,59.5,M.A.NARVAEZ,RIASBAIXAS,O.RODRIGUEZ,5,HIPODROMO LA ZARZUELA,2300,ARENA-FIBRA,21
5_07-08-2014,COSIDE (USA),4,6.0,59.5,R.SOUSA,CANTER,E.LEON,4,HIPODROMO LA ZARZUELA,2300,ARENA-FIBRA,21
5_07-08-2014,LE FEU DU CIEL (FR),1,8.0,58.5,V.JANACEK,SAYAGO,G.ARIZKORRETA,3,HIPODROMO LA ZARZUELA,2300,ARENA-FIBRA,6
5_07-08-2014,PENDENCIERO (USA),6,7.0,59.5,E.ARGUINZONES,LAPAZ,J.A.RODRIGUEZ,2,HIPODROMO LA ZARZUELA,2300,ARENA-FIBRA,26
5_07-08-2014,INUNDATE (USA),5,5.0,58.5,SRTA.BUESA.C,LABERINTO,J.C.CERQUEIRA,6,HIPODROMO LA ZARZUELA,2300,ARENA-FIBRA,6
5_09-12-12,PASIEGA (IRE),5,3.0,57.5,J.GROSJEAN,BERING,J.L.MAROTO,3,GRAN HIPODROMO DE ANDALUCIA JAVIER PIÑAR HAFNER,2100,HIERBA,9
5_09-12-12,EXPATBET (GB),3,3.0,55.5,A.GOMEZ,BETVICTOR,P.HALEY,5,GRAN HIPODROMO DE ANDALUCIA JAVIER PIÑAR HAFNER,2100,HIERBA,7
5_09-12-12,ALFACAR,2,3.0,56.0,J.HORCAJADA,ELFARGUE,M.DELCHER.S,1,GRAN HIPODROMO DE ANDALUCIA JAVIER PIÑAR HAFNER,2100,HIERBA,6
5_09-12-12,FINLEY CONNOLLY (IRE),4,3.0,58.0,F.JIMENEZ,AMIGA,M.ALVAREZ,6,GRAN HIPODROMO DE ANDALUCIA JAVIER PIÑAR HAFNER,2100,HIERBA,14
5_09-12-12,CELTIC ROCK (GB),1,3.0,58.0,J.L.MARTINEZ,HABIT,J.C.FERNANDEZ,2,GRAN HIPODROMO DE ANDALUCIA JAVIER PIÑAR HAFNER,2100,HIERBA,9
5_09-12-12,CUENTISTA,6,3.0,57.0,V.JANACEK,ODISEA,I.GOMEZ,4,GRAN HIPODROMO DE ANDALUCIA JAVIER PIÑAR HAFNER,2100,HIERBA,21
5_10-08-2012,BLACKBERRY BOY (IRE),4,8.0,60.0,G.CARTER,SUNSHINERACING,P.HALEY,2,HIPODROMO COSTA DEL SOL,2200,ARENA,14
5_10-08-2012,MENELDOR (IRE),2,4.0,58.5,J.CROCQUEVIEILLE,GONZALOHERNANDOABOIN,A.CARRASCO,5,HIPODROMO COSTA DEL SOL,2200,ARENA,13
5_10-08-2012,KURDO (FR),3,4.0,60.0,V.JANACEK,YAGF,G.ARIZKORRETA,1,HIPODROMO COSTA DEL SOL,2200,ARENA,22
5_10-08-2012,THE BELONGER (USA),5,5.0,58.5,S.MARTIN,LISSELANFARMS,A.R.ACOSTA,3,HIPODROMO COSTA DEL SOL,2200,ARENA,7
5_10-08-2012,SEMINOLE CRY (USA),1,7.0,60.0,J.L.MARTINEZ,CARRERASINTERNATIONAL,J.L.EYRE,4,HIPODROMO COSTA DEL SOL,2200,ARENA,13
5_14-07-2016,BUSCAVIDAS (IRE),2,5.0,63.0,J.L.MARTINEZ,ODISEA,A.CARRASCO,1,HIPODROMO LA ZARZUELA,1900,ARENA-FIBRA,13
5_14-07-2016,MILIKI (GB),8,5.0,59.5,B.FAYOS,BRAVOTANGOZULU,V.B.BUDA,6,HIPODROMO LA ZARZUELA,1900,ARENA-FIBRA,23
5_14-07-2016,ZULOAGA,6,5.0,52.5,G.MADERO,KAELA,R.MARTIN.V,5,HIPODROMO LA ZARZUELA,1900,ARENA-FIBRA,19
5_14-07-2016,VICARAGE (IRE),3,4.0,53.0,N.DE.JULIAN,LASAGUILAS,T.CALLEJO.M,4,HIPODROMO LA ZARZUELA,1900,ARENA-FIBRA,14
5_14-07-2016,CIRIACO,7,6.0,61.0,V.JANACEK,MARBELLA,G.ARIZKORRETA,3,HIPODROMO LA ZARZUELA,1900,ARENA-FIBRA,17
5_14-07-2016,DUBAI SPRING (USA),11,7.0,60.0,SRTA.BUESA.C,ZEZINHO,J.C.CERQUEIRA,9,HIPODROMO LA ZARZUELA,1900,ARENA-FIBRA,16
5_14-07-2016,AL TROPICAL,4,6.0,61.0,N.GARCIA,PALOMARES,J.A.RODRIGUEZ,7,HIPODROMO LA ZARZUELA,1900,ARENA-FIBRA,14
5_14-07-2016,HONG KONG BOY (FR),5,10.0,53.5,M.GOMES,QUINTASANTAJUSTAMAIA,C.VIDINHA,11,HIPODROMO LA ZARZUELA,1900,ARENA-FIBRA,7
5_14-07-2016,EBEON,9,5.0,53.0,J.GELABERT,NANINA,J.CALDERON,2,HIPODROMO LA ZARZUELA,1900,ARENA-FIBRA,19
5_14-07-2016,MYTHICAL CLOVER (IRE),1,4.0,59.0,R.SOUSA,ALISARES,F.PEREZ,10,HIPODROMO LA ZARZUELA,1900,ARENA-FIBRA,14
5_14-07-2016,KUVASZ (FR),10,3.0,53.0,A.GOMEZ,SIANKAAN,J.C.CERQUEIRA,8,HIPODROMO LA ZARZUELA,1900,ARENA-FIBRA,20
5_15-08-2015,BELGE MENCI (GER),6,4.0,62.0,S.SAADI,MAGICA,M.AUGELLI,3,HIPODROMO DE SAN SEBASTIAN,1500,HIERBA,19
5_15-08-2015,FIGUEIRAS,14,5.0,54.0,SR.CUESTA.S,PATITAS,S.SARRIAS,10,HIPODROMO DE SAN SEBASTIAN,1500,HIERBA,26
5_15-08-2015,GANNICUS,10,4.0,54.0,A.GOMEZ,AGRANXA,H.PEREIRA,14,HIPODROMO DE SAN SEBASTIAN,1500,HIERBA,6
5_15-08-2015,TUBAL (GB),2,5.0,59.0,R.SOUSA,YHERMANOSBALBAS,E.PUENTE,15,HIPODROMO DE SAN SEBASTIAN,1500,HIERBA,6
5_15-08-2015,PUBLICREDIT (IRE),9,5.0,53.0,J.GELABERT,ALAI,C.ALONSO,5,HIPODROMO DE SAN SEBASTIAN,1500,HIERBA,6
5_15-08-2015,KINGKAYE (FR),12,4.0,61.0,B.FAYOS,HABIT,C.FERNANDEZ,1,HIPODROMO DE SAN SEBASTIAN,1500,HIERBA,13
5_15-08-2015,BORYSTHENE (FR),1,7.0,58.0,M.GOMES,RESTAURANTEJASMIM,H.PEREIRA,9,HIPODROMO DE SAN SEBASTIAN,1500,HIERBA,19
5_15-08-2015,MATXOTE,13,5.0,50.0,C.A.LOAIZA,LAGUNILLA,A.SANCHEZ.M,11,HIPODROMO DE SAN SEBASTIAN,1500,HIERBA,6
5_15-08-2015,STONE ME (FR),7,4.0,62.0,G.MADERO,OMBRA,M.COMAS,8,HIPODROMO DE SAN SEBASTIAN,1500,HIERBA,8
5_15-08-2015,SUNSUNA (GB),5,3.0,61.5,A.J.GRATEROL,LAJORQUIN,J.MARTINEZ,6,HIPODROMO DE SAN SEBASTIAN,1500,HIERBA,13
5_15-08-2015,LIBERALIA,11,6.0,50.0,SRTA.ZAMBUDIO.J,BUELNAEQUII,D.DELBARRIO,13,HIPODROMO DE SAN SEBASTIAN,1500,HIERBA,12
5_15-08-2015,LESAKA (FR),3,6.0,59.0,V.JANACEK,ELSABLE,E.PUENTE,7,HIPODROMO DE SAN SEBASTIAN,1500,HIERBA,5
5_15-08-2015,CIUDADANO KANE,8,5.0,50.0,A.GUTIERREZ.B,YAHORAQUE,M.ALONSO,12,HIPODROMO DE SAN SEBASTIAN,1500,HIERBA,24
5_15-08-2015,LA CAÑIZA (IRE),4,5.0,58.0,J.B.HAMEL,ROBER,R.AVIAL,4,HIPODROMO DE SAN SEBASTIAN,1500,HIERBA,5
5_17-07-2014,KUAI,4,3.0,56.0,V.JANACEK,MIRASIERRA,G.ARIZKORRETA,2,HIPODROMO LA ZARZUELA,1100,ARENA-FIBRA,14
5_17-07-2014,RUBENS,3,9.0,58.0,B.FAYOS,YCORTIÑAL,E.BUZON,5,HIPODROMO LA ZARZUELA,1100,ARENA-FIBRA,14
5_17-07-2014,CORCUBION,6,9.0,57.0,J.GELABERT,PEREIRASAT,T.CALLEJO.S,4,HIPODROMO LA ZARZUELA,1100,ARENA-FIBRA,22
5_17-07-2014,MAYO,1,4.0,58.0,M.A.NARVAEZ,USSIAFIGUEROA,G.ARIZKORRETA,1,HIPODROMO LA ZARZUELA,1100,ARENA-FIBRA,20
5_17-07-2014,AZABACHE,2,5.0,59.0,SR.SARABIA.D,RIOCUBASSL,E.PUENTE,6,HIPODROMO LA ZARZUELA,1100,ARENA-FIBRA,20
5_17-07-2014,GANNICUS,7,3.0,55.0,I.BORREGO,CARBIAL,F.SILVA,3,HIPODROMO LA ZARZUELA,1100,ARENA-FIBRA,6
5_17-07-2014,ROBERTTINO STAR,5,4.0,57.0,R.SOUSA,MAGAÑA,J.C.FERNANDEZ,7,HIPODROMO LA ZARZUELA,1100,ARENA-FIBRA,13
5_19-07-2012,MAKAAMEN (GB),6,6.0,66.0,SR.CARMENA.M,DANIELROSET,T.CALLEJO.S,4,HIPODROMO LA ZARZUELA,1600,ARENA-FIBRA,37
5_19-07-2012,VODKA LEMON (GB),1,4.0,62.5,SR.AGUILERA.R,MADELAINE,J.HIDALGO,3,HIPODROMO LA ZARZUELA,1600,ARENA-FIBRA,17
5_19-07-2012,EL AFRICANO,5,5.0,64.0,SRTA.GALVEZ.G,LASAGUILAS,P.R.URBINA,5,HIPODROMO LA ZARZUELA,1600,ARENA-FIBRA,41
5_19-07-2012,BELATE,4,4.0,64.5,SR.SANTAMARIA.J.A,CARBIAL,J.M.BORREGO.R,7,HIPODROMO LA ZARZUELA,1600,ARENA-FIBRA,8
5_19-07-2012,FLASH VAL,3,4.0,66.0,SRTA.CARDO.B,REZAPAZOOKI,F.RODRIGUEZ,9,HIPODROMO LA ZARZUELA,1600,ARENA-FIBRA,16
5_19-07-2012,CHITON,8,4.0,64.0,SR.DE.JULIAN.N,FRANCISCODEJULIAN,J.A.RODRIGUEZ,1,HIPODROMO LA ZARZUELA,1600,ARENA-FIBRA,13
5_19-07-2012,LIBRETRASTO,7,4.0,66.0,SR.SARABIA.D,RIOCUBASSL,D.SARABIA,6,HIPODROMO LA ZARZUELA,1600,ARENA-FIBRA,16
5_19-07-2012,SMASHER (FR),2,7.0,65.5,SR.MARTIN.A.R,KAELA,R.MARTIN.V,8,HIPODROMO LA ZARZUELA,1600,ARENA-FIBRA,9
5_20-01-2013,ZAHORA,3,3.0,56.5,J.L.BORREGO,CELSOMENDEZ,M.ALVAREZ,2,GRAN HIPODROMO DE ANDALUCIA JAVIER PIÑAR HAFNER,1800,HIERBA,5
5_20-01-2013,SIR PEPO,5,3.0,57.0,J.HORCAJADA,SOÑADOR,J.SALGUERO,3,GRAN HIPODROMO DE ANDALUCIA JAVIER PIÑAR HAFNER,1800,HIERBA,14
5_20-01-2013,DUBROVNIK,2,3.0,58.0,V.JANACEK,YLASCUEVAS,J.CALDERON,1,GRAN HIPODROMO DE ANDALUCIA JAVIER PIÑAR HAFNER,1800,HIERBA,26
5_20-01-2013,GRIEVOUS ANGEL (IRE),1,3.0,56.5,O.O.URBINA,BPSANMATEO,O.ANAYA,5,GRAN HIPODROMO DE ANDALUCIA JAVIER PIÑAR HAFNER,1800,HIERBA,7
5_20-01-2013,PETITE VISION,4,3.0,55.5,A.GOMEZ,LASUECA,J.C.LOPERA,4,GRAN HIPODROMO DE ANDALUCIA JAVIER PIÑAR HAFNER,1800,HIERBA,6
5_20-10-2013,SHE RULES (FR),7,4.0,58.0,O.O.URBINA,CLUB38,F.RODRIGUEZ,6,HIPODROMO LA ZARZUELA,2000,HIERBA,12
5_20-10-2013,ARTESA (GB),6,3.0,55.0,J.L.MARTINEZ,BLOKE,M.AUGELLI,5,HIPODROMO LA ZARZUELA,2000,HIERBA,14
5_20-10-2013,BARAÑAIN,2,4.0,59.0,M.GOMES,CONQUISTADOR,T.MARTINS,4,HIPODROMO LA ZARZUELA,2000,HIERBA,13
5_20-10-2013,TAFADHALI,4,5.0,57.0,F.JIMENEZ,LAJORQUIN,A.SANCHEZ.C,1,HIPODROMO LA ZARZUELA,2000,HIERBA,36
5_20-10-2013,BARONIA,3,6.0,57.0,V.JANACEK,LETOILE,G.ARIZKORRETA,2,HIPODROMO LA ZARZUELA,2000,HIERBA,12
5_20-10-2013,BABY COOKIE,5,3.0,55.0,J.CROCQUEVIEILLE,REZAPAZOOKI,F.RODRIGUEZ,7,HIPODROMO LA ZARZUELA,2000,HIERBA,6
5_20-10-2013,BOHEMIAN RHAPSODY,1,3.0,57.0,M.BORREGO,CIELODEMADRID,O.RODRIGUEZ,3,HIPODROMO LA ZARZUELA,2000,HIERBA,9
5_26-11-2015,GIGGOLO STAR,4,6.0,54.0,E.J.ARGUINZONES,ELTACO,M.AUGELLI,6,GRAN HIPODROMO DE ANDALUCIA JAVIER PIÑAR HAFNER,2100,ARENA,21
5_26-11-2015,PETROSIAN,3,3.0,51.0,J.GELABERT,COMANSI,C.FERNANDEZ.B,3,GRAN HIPODROMO DE ANDALUCIA JAVIER PIÑAR HAFNER,2100,ARENA,13
5_26-11-2015,AL TROPICAL,1,5.0,61.0,R.SOUSA,PALOMARES,J.A.RODRIGUEZ,2,GRAN HIPODROMO DE ANDALUCIA JAVIER PIÑAR HAFNER,2100,ARENA,14
5_26-11-2015,BIPOLAR,6,7.0,56.0,M.GOMES,BESTOFCAFE,I.MENDES,1,GRAN HIPODROMO DE ANDALUCIA JAVIER PIÑAR HAFNER,2100,ARENA,20
5_26-11-2015,HISPANICO,2,4.0,66.0,SR.SARABIA.D,HISPANICA,O.ANAYA,4,GRAN HIPODROMO DE ANDALUCIA JAVIER PIÑAR HAFNER,2100,ARENA,14
5_26-11-2015,ARTESA (GB),5,5.0,61.5,V.JANACEK,KARIKATO,M.AUGELLI,5,GRAN HIPODROMO DE ANDALUCIA JAVIER PIÑAR HAFNER,2100,ARENA,14
5_28-02-2016,COLLIO SIDE,4,6.0,57.0,B.FAYOS,RIOCUBASSL,O.ANAYA,3,GRAN HIPODROMO DE ANDALUCIA JAVIER PIÑAR HAFNER,2100,HIERBA,13
5_28-02-2016,CIRIACO,2,6.0,57.0,V.JANACEK,MARBELLA,G.ARIZKORRETA,5,GRAN HIPODROMO DE ANDALUCIA JAVIER PIÑAR HAFNER,2100,HIERBA,17
5_28-02-2016,HISPANICO,3,5.0,57.0,J.L.MARTINEZ,HISPANICA,O.ANAYA,2,GRAN HIPODROMO DE ANDALUCIA JAVIER PIÑAR HAFNER,2100,HIERBA,14
5_28-02-2016,REY DE LA PLATA,1,6.0,57.0,R.SOUSA,EPEREZGUZMAN,J.A.RODRIGUEZ,1,GRAN HIPODROMO DE ANDALUCIA JAVIER PIÑAR HAFNER,2100,HIERBA,13
5_28-02-2016,TAFADHALI,6,8.0,55.5,I.BORREGO,LAJORQUIN,J.MARTINEZ,6,GRAN HIPODROMO DE ANDALUCIA JAVIER PIÑAR HAFNER,2100,HIERBA,36
5_28-02-2016,AL TROPICAL,5,6.0,57.0,N.GARCIA,PALOMARES,J.A.RODRIGUEZ,4,GRAN HIPODROMO DE ANDALUCIA JAVIER PIÑAR HAFNER,2100,HIERBA,14
5_30-10-2011,RISBY (IRE),3,3.0,61.5,O.O.URBINA,VIGURIA,J.M.OSORIO,7,HIPODROMO LA ZARZUELA,1400,HIERBA,23
5_30-10-2011,ABDEL (FR),1,3.0,61.5,J.CROCQUEVIEILLE,DUQUEDEALBURQUERQUE,J.M.OSORIO,6,HIPODROMO LA ZARZUELA,1400,HIERBA,9
5_30-10-2011,GOLFO PERSICO (IRE),8,3.0,61.5,J.GROSJEAN,TONELESPAZOOKI,F.RODRIGUEZ,3,HIPODROMO LA ZARZUELA,1400,HIERBA,11
5_30-10-2011,CIELO CANARIAS (IRE),4,3.0,61.5,J.L.MARTINEZ,GRBOLAÑOSGRCANARIA,E.LEON,1,HIPODROMO LA ZARZUELA,1400,HIERBA,11
5_30-10-2011,PIPPA SNUDGE (IRE),7,2.0,51.0,A.GOMEZ,SUNSHINERACING,P.HALEY,8,HIPODROMO LA ZARZUELA,1400,HIERBA,15
5_30-10-2011,S GRILLO (GB),5,3.0,61.5,V.JANACEK,USSIAFIGUEROA,G.ARIZKORRETA,5,HIPODROMO LA ZARZUELA,1400,HIERBA,12
5_30-10-2011,LINCE (GB),6,4.0,62.5,M.BORREGO,LOSTONELES,F.RODRIGUEZ,4,HIPODROMO LA ZARZUELA,1400,HIERBA,15
5_30-10-2011,MIL AZUL,2,3.0,61.5,J.L.BORREGO,YURDIÑORIYA,J.L.DESALAS,2,HIPODROMO LA ZARZUELA,1400,HIERBA,15
5_30-12-2012,EL AFRICANO,2,5.0,57.5,M.SECCI,LASAGUILAS,A.GUTIERREZ,6,GRAN HIPODROMO DE ANDALUCIA JAVIER PIÑAR HAFNER,1600,HIERBA,41
5_30-12-2012,ALMAZORA (GB),5,3.0,55.5,J.HORCAJADA,ELHERROJO,J.M.OSORIO,5,GRAN HIPODROMO DE ANDALUCIA JAVIER PIÑAR HAFNER,1600,HIERBA,7
5_30-12-2012,WHISTLEINTHEWIND (IRE),3,5.0,58.5,O.O.URBINA,NANINA,J.CALDERON,3,GRAN HIPODROMO DE ANDALUCIA JAVIER PIÑAR HAFNER,1600,HIERBA,13
5_30-12-2012,ANGEL MELODY (FR),6,6.0,59.5,SR.SARABIA.D,RIOCUBASSL,D.SARABIA,1,GRAN HIPODROMO DE ANDALUCIA JAVIER PIÑAR HAFNER,1600,HIERBA,12
5_30-12-2012,DON FERNANDO HAB,4,4.0,56.5,J.E.JARCOVSKY,VADILLO,A.CARRASCO,7,GRAN HIPODROMO DE ANDALUCIA JAVIER PIÑAR HAFNER,1600,HIERBA,16
5_30-12-2012,INDIANO,1,4.0,59.5,A.GOMEZ,ELPOTROCLUB,G.ARIZKORRETA,2,GRAN HIPODROMO DE ANDALUCIA JAVIER PIÑAR HAFNER,1600,HIERBA,15
